-0.451Age+0.415Tutoring-0.365Gender-0.339Volunteering-0.31Music...,-0.482ParentalSupport-0.478StudyTimeWeekly-0.368Tutoring+0.305ParentalEducation+0.295Volunteering...,-0.643Absences-0.471Sports-0.327StudyTimeWeekly-0.299ParentalEducation-0.246Gender...,GradeClass
-0.547033,-0.286963,0.450648,four
0.318197,-0.982679,-0.201208,four
-0.177981,-0.648329,-0.251795,three
-1.451273,-0.054351,-1.139087,four
0.258082,1.36504,0.771662,zero
0.96278,-1.566685,-1.597561,four
-0.747088,-0.275719,0.387217,one
-0.536962,0.122099,-1.087786,four
-0.41503,-0.333829,-1.530668,four
0.513057,0.275422,0.398286,three
-0.960833,0.03954,-0.16298,three
-0.695386,0.389841,0.923146,one
-0.329679,-0.543963,0.364747,four
-0.800445,1.626967,-1.791608,four
0.000113,-0.258628,0.169748,four
1.274613,1.371967,0.168862,four
0.752239,-0.604878,1.585906,one
0.682209,0.194629,-0.037235,four
-2.125916,-0.199092,0.409404,three
-0.028746,0.545653,-0.061703,four
0.29764,1.349453,2.146704,three
1.013695,0.524734,1.999371,two
2.703986,0.874202,-0.613791,four
2.304089,0.727257,-0.530519,three
0.288127,-2.202245,0.869106,zero
-0.620309,0.191761,-0.798098,three
0.974127,-0.685585,1.540045,one
-0.260237,0.799625,0.379273,four
-0.363646,-0.566341,0.40016,four
0.660677,-1.223227,-0.934752,zero
0.144252,-0.387509,1.282493,two
-0.408926,-1.022546,0.297507,four
-1.715314,-1.27794,0.804386,two
0.479192,-1.559717,-0.507469,four
-0.409703,1.195751,0.585768,four
-2.678487,-1.128145,0.593881,one
-0.121358,-1.180633,-1.062124,three
0.299271,-1.185097,-0.486845,four
0.324254,-0.911093,0.57595,four
-0.492475,0.97534,-1.408601,four
1.185132,-1.655721,0.771039,one
-0.003049,-0.325767,-2.101917,three
-0.972566,0.627717,-0.966687,four
-1.143108,1.168883,-0.819886,one
-1.905759,0.72672,-1.09526,four
-1.61265,0.382281,1.859511,two
0.473186,0.046,-0.487287,two
-0.996154,-0.031029,0.207591,zero
-1.468926,-2.042563,0.750579,zero
0.817681,-0.927687,0.765345,two
1.048725,0.473438,-0.5185,three
1.178614,-0.19498,-0.348577,two
-0.181155,-0.300502,0.167279,one
1.145706,1.118117,1.167067,four
0.116267,0.464831,-0.813063,four
2.539533,-0.209062,0.487771,four
1.545897,1.468095,-0.20575,four
0.957429,1.697478,-0.095574,three
-0.869579,0.687129,-2.363505,three
-0.168894,-2.425163,-0.573495,zero
0.134256,-0.199599,1.71508,one
0.024141,1.98967,-0.631303,four
-1.067603,0.688949,0.981094,four
0.276534,-2.114515,0.92916,zero
1.367608,-1.66203,1.580151,one
-0.554098,-1.337587,-0.899786,one
0.499846,0.393154,-0.380752,one
-0.093915,0.930796,1.467145,three
0.032597,-0.299617,1.004237,four
-0.569615,-1.139283,0.087498,one
1.897216,-0.926244,0.448706,one
0.751756,1.102,1.491628,two
0.93776,-1.640779,-0.70649,four
-0.358102,1.312647,-0.0627,four
-0.895885,0.83584,0.078145,four
0.020961,-1.036087,1.683889,one
-1.920375,0.313625,-1.873342,four
1.113014,-1.571164,-0.797821,four
-0.967622,-1.13599,-0.313082,three
1.264291,0.439335,0.787654,one
0.691833,0.439926,-0.478369,three
-0.992103,0.520997,-0.336136,four
1.122725,1.023357,-1.348026,four
-1.363061,0.633556,1.513778,two
0.521931,-0.617204,0.11752,zero
0.503383,-1.02812,-0.407925,two
-0.620424,0.88104,-0.22677,four
-1.256879,-1.454834,-1.197567,four
-1.196264,1.449462,-0.021497,four
-0.029742,0.312344,-0.207757,four
-0.218481,-0.104963,-0.695731,four
-0.643087,0.45433,0.632722,four
-0.35076,0.111382,-0.667958,four
-1.140467,0.144885,0.198673,four
0.232375,-2.21145,1.149642,two
1.507128,-0.927179,0.425899,four
1.798661,-0.697545,1.911294,one
0.750307,0.978868,0.274598,four
1.085787,0.060017,0.051,four
0.521161,-0.814529,-2.246981,four
-1.302531,-1.094297,-0.913229,four
-0.741859,0.668592,1.019261,two
0.204155,0.830501,1.347861,one
-1.079083,0.520608,-1.17686,four
0.566517,-0.763432,0.221089,two
0.327964,2.038674,1.293145,four
-0.550873,-1.387703,1.234186,one
-1.438117,-1.408501,0.22017,one
-0.790284,-1.088722,2.675027,one
1.164892,-1.068245,0.106043,zero
1.970113,-1.038694,0.588937,three
2.130706,-0.283006,-1.283622,four
0.879958,0.444587,0.51382,three
0.46539,0.126949,-1.870762,three
-2.141916,-1.089514,-0.05025,four
0.27199,-0.930108,-1.625037,four
2.333651,-0.664244,0.511801,four
2.970882,-0.394715,-0.044687,four
0.717349,-0.46193,0.299241,four
1.080767,-0.825086,-0.118219,two
-0.826285,-1.396969,0.856044,four
-0.099231,0.285396,-1.691552,four
2.206142,0.874674,-0.307587,four
-1.143062,1.236092,0.128181,three
-0.432127,-0.718859,-0.872217,four
-0.204707,-0.301004,1.379236,two
1.454792,0.106186,1.893241,two
0.048797,1.061387,-0.321844,four
0.145671,0.02928,-0.537374,four
-0.508214,0.127321,-0.005852,two
0.588869,-0.788968,-0.559775,one
0.345487,0.11569,-1.194216,four
-1.385336,0.768667,0.418978,four
0.122899,0.155236,-0.659636,three
0.668281,-0.892203,0.598356,two
2.112126,-0.701219,-0.384911,four
-1.435773,0.792612,0.27124,three
0.127423,-0.740853,-1.01911,four
0.35476,2.486856,-1.917167,four
-0.583267,0.949005,0.192377,two
-0.442698,0.682086,0.042321,four
-1.290745,-0.825787,0.694091,two
0.715783,1.040122,1.167259,four
1.020794,2.424815,-1.190354,three
0.174094,1.57043,0.761866,four
-0.098689,-0.475506,0.020547,three
0.664303,0.015724,-1.008322,four
0.453493,-0.700755,0.858706,four
0.712388,0.13485,-0.864615,four
-0.508982,-1.523856,0.156271,one
1.760212,1.430991,0.684885,two
0.616013,-1.289168,-0.514858,two
1.826778,0.287206,-0.474027,four
-0.580813,-2.146856,-1.195094,four
0.423253,0.299429,0.773378,four
-0.338471,-1.51048,0.98297,three
0.371479,-2.245445,-1.092658,four
0.149228,1.507501,-0.707481,four
-2.246449,0.081003,-2.871584,four
0.767008,1.423786,-1.338581,four
-1.626967,2.155617,0.404016,four
1.653239,-1.898122,0.239123,three
-0.526149,1.82473,0.118124,four
0.507847,1.014838,-0.378199,four
0.873029,-1.842887,0.155719,two
0.582414,0.195431,-1.952008,four
2.070064,0.260635,-1.791331,four
-0.687428,-1.376908,-0.252347,two
-0.656287,-2.095738,-0.992191,three
0.936077,-1.512175,-1.037878,four
-2.648806,1.814166,1.093516,three
-0.53802,-1.386818,0.356252,four
-0.029,0.400241,-2.245461,four
-1.478762,1.052582,1.586914,three
0.298501,0.433641,0.620891,two
1.15637,-0.253376,-0.977833,two
1.191809,-0.034918,-1.593204,four
0.537121,0.152671,0.42296,four
-1.514261,-0.341099,1.353992,three
0.872446,-0.01237,0.293056,one
2.607224,-0.026225,-1.440915,four
-0.319714,1.730365,1.705859,three
0.118231,-1.088972,0.599475,four
0.136689,0.556618,-0.066879,one
0.269327,0.182005,-0.465241,four
-0.068427,-0.714917,0.010261,four
0.632563,0.794278,-1.408223,four
-0.274937,0.645086,-1.015384,four
-1.158445,-0.558495,-0.944157,four
-0.314528,-0.215711,-0.768787,one
1.07618,1.427814,-0.61298,four
0.125329,1.232773,-1.387614,four
1.819444,-0.507074,-1.245655,two
0.618138,0.096816,0.817418,two
-0.143497,-0.885374,1.160224,zero
-1.21294,-1.210676,0.816318,zero
-0.747347,0.461966,0.678659,four
-0.77553,0.475848,0.626317,two
0.041649,1.370717,1.088415,two
-0.578123,-0.367479,-0.963391,zero
1.561925,-1.527855,-1.143424,three
0.429665,-0.933784,-1.495412,four
0.927195,-1.886385,0.018889,four
1.718962,0.776262,0.893602,four
-0.455759,-0.062949,0.681793,three
1.974242,0.597679,-0.915406,four
-1.765818,-2.003656,-0.881915,three
0.115619,-0.198799,0.383982,three
0.612042,-1.698328,-1.012152,one
-1.290959,0.896684,-0.218064,three
-0.319651,-0.882502,1.924291,two
-0.571478,-0.300724,-1.715153,three
0.116587,0.241437,-0.481757,zero
-1.794846,0.363285,1.410339,two
0.468614,0.816203,0.165328,two
1.308053,-0.436512,-0.955344,four
1.487876,0.449722,-0.717474,four
0.501186,-1.632918,-0.425536,four
0.577548,-0.417499,0.683216,two
-0.080626,-1.205947,-3.13438,four
0.872805,1.02503,0.015849,three
0.257426,0.504568,-2.59682,four
0.420791,-0.769291,0.132771,four
-1.476454,1.512438,2.151831,one
1.422126,-0.451654,-0.936447,four
1.105855,-1.298882,-2.390553,four
0.284954,1.17042,0.214634,four
-0.053502,-0.882479,-1.69123,three
-1.015433,-0.307493,0.352834,zero
1.330236,-0.34777,-0.016457,two
-0.842334,-0.098246,-0.45049,two
-1.604882,0.32628,0.177775,four
-0.571323,1.23465,-1.910407,four
-1.409158,-0.054156,-1.45677,four
0.452732,-0.830861,-0.429034,two
-1.18273,-1.581406,-1.071283,three
1.417388,-0.371925,1.371019,four
-0.086358,1.252423,1.052885,four
-0.645362,-1.087323,0.435981,three
-2.325856,-0.635819,0.355005,three
0.521955,1.195101,2.859149,two
1.223604,-0.490656,-1.578007,four
0.252085,2.940313,-1.48008,four
-1.626433,-0.575216,-0.230896,one
0.98504,1.051162,0.575164,two
-0.113515,1.190335,-1.314783,four
1.033603,-0.006937,1.88172,one
1.040487,-0.940245,0.478974,three
1.502814,-0.41424,1.158012,one
-0.364204,-0.244985,0.164834,four
-0.741871,-0.66077,-0.972365,one
-1.249598,-2.41612,-0.051027,two
0.597448,-1.74523,-0.321015,four
-0.322001,1.914233,1.792186,two
1.086116,3.063124,0.30077,four
-1.578673,1.670704,1.962953,two
0.555307,0.421059,-0.906244,four
0.557274,-2.187406,0.315684,zero
-0.858655,-1.384822,-1.025878,four
-0.064074,-0.028581,-1.201195,four
-0.660116,0.127962,1.693849,three
-0.223682,-0.816901,0.524989,zero
-0.318033,-1.293545,0.397189,three
2.087842,-0.266316,-1.503622,three
0.292335,0.150305,0.312924,four
-0.273368,-0.997569,-0.583057,one
1.218005,-0.61238,0.87708,three
-0.768994,1.571014,0.119806,four
0.506844,-0.646725,1.479436,one
1.195569,-0.981543,-0.520185,four
1.289912,0.319073,0.218771,three
1.414425,0.029412,0.900732,four
-2.044237,1.068129,0.625083,two
-0.03612,-0.114465,0.310957,four
-0.603044,1.229012,0.603825,four
-0.312625,-0.546178,0.181109,four
-1.037584,-0.235784,-0.85856,four
-0.117463,1.723994,0.063193,four
-0.067965,1.437611,0.664183,three
-0.261361,-1.569456,1.098541,one
0.291132,2.002127,-0.773492,four
0.131587,-0.37903,-0.224767,two
0.075787,-0.219589,0.214564,one
0.246297,-0.932972,0.55631,one
-1.049427,0.175947,-0.754932,four
-0.613526,-0.811951,0.034482,three
-1.180662,1.342887,-1.746479,four
0.248879,-1.299407,-0.974782,four
0.612633,-1.210303,1.036448,two
0.791162,1.615388,-0.277811,four
0.241706,-0.211683,-0.751202,four
0.25003,0.890111,0.691492,four
0.520488,-0.657651,-1.019191,four
-0.033981,1.129105,-0.819083,four
-0.21343,-1.335045,1.143867,two
0.241005,-1.343137,-0.89721,four
0.366436,1.754957,-0.353335,four
-0.451628,-1.768291,0.666844,two
-1.970272,-0.953156,1.149478,two
1.171161,0.988288,0.219561,four
-0.765174,-0.065352,0.200611,four
0.577489,0.261539,-1.366284,four
-0.010924,-0.608162,-0.387678,one
-2.133549,-0.231786,-1.071111,three
-1.663442,1.606253,1.55111,four
0.564416,-0.610555,0.390092,four
-0.59568,-0.80769,0.268741,two
-0.108081,0.958276,0.353226,four
-1.698876,0.253577,-0.47879,four
0.407568,1.007723,-0.916257,four
-1.277408,1.236784,-0.806934,four
0.149889,0.498214,-0.227714,four
3.083001,-0.019496,-0.582026,four
0.106033,0.508006,-0.042793,four
-0.072845,1.464478,-0.505977,one
0.03844,0.365857,0.918338,four
0.078009,0.723666,1.003264,four
2.660977,0.754632,-1.097354,four
1.072387,-0.084333,0.976423,three
-0.676018,0.910069,-0.460123,four
-0.591646,0.075441,1.533745,three
0.48582,-0.377998,-0.076044,four
-1.061923,-0.993163,0.604237,two
-1.177038,-1.375789,-0.613449,two
-0.419661,-1.23257,-1.368352,three
0.308096,-0.671771,-0.057684,four
-1.172918,-0.921697,0.260681,two
0.932189,-0.228018,0.222362,two
-1.520683,-1.247725,-0.019852,four
-1.95671,0.79305,0.387589,four
0.285386,-0.987166,-1.498145,four
-1.486455,-0.634449,-1.427959,four
0.920583,0.262021,-0.182137,four
1.365723,0.331283,2.407668,two
-0.98993,-1.047433,-0.959879,four
-2.396716,0.094408,-1.394681,four
0.292078,0.332125,1.138777,four
1.852319,-0.443189,-0.693411,three
-1.810524,-1.199536,0.106675,one
1.000451,-0.720376,-0.936233,two
1.791208,-1.04701,-0.386152,zero
1.307942,0.66837,-0.783886,four
0.927982,-0.761466,1.859777,zero
0.500348,1.251594,0.84826,three
0.902549,-1.558752,-0.192651,one
-0.83858,-1.574921,0.346759,two
1.57732,-0.47068,0.390889,two
-0.701783,1.016244,0.58282,four
1.160558,-1.296384,-1.247527,four
-0.184789,0.288165,0.700151,three
-2.842924,0.047698,1.065651,one
0.049718,1.188949,-0.028895,four
-0.499418,0.472889,-0.232823,one
-1.138182,-0.086212,-2.15344,four
-1.239838,-1.505323,-1.285652,three
1.568351,-1.210035,-0.656246,four
1.700478,-1.203545,-0.245481,zero
-0.478654,0.779627,-1.133867,three
0.116874,-2.085758,-2.341233,four
-0.61848,2.026751,1.260879,four
0.664451,1.752904,-0.053168,one
1.697552,-0.190122,-0.934117,three
0.119247,0.545996,0.600681,two
0.905013,0.291181,0.993704,one
-0.212189,0.101433,-0.585959,three
0.300746,-0.00241,-0.442991,four
1.021043,0.152136,-0.091289,four
-0.576315,-0.309785,-0.354966,two
-2.296611,2.215616,0.124176,one
-1.320075,-0.740488,0.319267,two
0.236167,0.31311,-0.386903,two
-2.043855,-1.329766,-0.2972,two
1.417323,-1.612123,0.650484,two
0.144242,-0.813523,0.612719,two
1.584157,0.002613,1.076099,four
-0.594155,-1.498903,0.870861,two
-0.093573,-1.333715,-0.431647,three
0.522027,1.057379,0.219402,four
-0.027904,0.878614,1.545315,two
0.762128,2.061772,1.96587,four
1.341147,-0.441747,0.004032,four
-0.339324,0.593453,-0.383099,four
-0.591204,1.395632,-0.088043,four
2.736532,-1.731323,-0.011957,one
-0.915173,0.48229,1.158852,two
0.235551,0.020064,1.065477,two
-1.307848,-0.965387,0.49566,three
-0.869707,0.092143,1.800312,zero
-0.788505,0.349806,-0.589861,four
-0.675727,-2.102968,0.963725,one
-1.328311,0.401589,-0.115609,four
0.888393,-0.33501,1.969581,one
0.298248,1.277779,0.097387,two
-0.011786,0.172338,1.369623,three
1.332429,-0.732332,1.013531,three
0.998451,-0.79439,0.92561,four
-0.254695,0.544472,-0.153981,four
0.989034,0.500678,-1.359086,four
-1.382698,0.450318,0.145628,four
1.540035,0.59519,-0.740376,four
-0.027322,0.033247,-1.033919,four
0.454687,-0.501287,0.192344,four
-1.068503,0.481765,1.346097,two
-1.595646,0.456084,-0.916829,four
0.342144,0.159807,1.971427,two
-1.198606,-0.42816,1.400867,four
0.137568,-0.442978,1.736047,two
0.255803,-1.383268,-1.453943,three
-0.443021,0.258311,1.664987,two
-0.361033,-1.402284,-0.714152,three
1.517743,0.786885,0.141449,four
0.735052,-0.606183,1.390209,two
-0.176905,-1.848243,0.606456,one
-1.539604,1.349452,-0.378065,four
-0.170886,-0.3796,0.115172,four
-0.999258,0.952712,2.191139,three
1.25035,0.600915,0.514875,four
-0.0298,0.353857,-0.202418,two
-1.180466,0.346286,0.685062,zero
0.116305,-0.086747,1.041729,three
0.996867,0.989617,0.706007,four
-0.439507,1.0607,0.066642,four
0.749224,0.086393,1.133161,three
-1.021712,-2.237009,0.6698,two
-0.725559,1.425636,-1.06663,four
0.252142,0.609563,0.440603,four
-0.658129,0.47307,0.310265,four
-0.975739,0.450241,-0.042205,four
-0.137917,0.108544,2.557381,two
0.308737,0.154356,-1.775437,one
-0.788403,-1.35227,1.605744,two
0.619254,0.595636,-2.103235,four
2.436429,-1.041074,-0.594091,two
0.184681,-2.656236,-1.362963,four
1.690244,1.058352,-0.818585,four
-0.973675,-0.274386,-0.483271,four
1.214832,0.233899,1.233302,four
0.602803,0.838233,0.275848,four
0.406019,-0.755687,-0.657465,four
-0.95385,0.930787,0.719078,one
-0.317109,-0.829366,0.442561,three
0.108653,-0.366443,1.17419,three
0.83265,0.897799,-0.031188,four
0.995747,-0.771985,-0.105708,four
-1.020739,-0.206395,1.588871,four
0.962149,-0.776471,-1.214505,four
1.34815,0.987659,0.724619,three
2.371266,0.734836,-0.078301,three
0.494672,-1.231822,0.118701,four
-0.689507,0.933353,-0.988952,three
0.785598,-1.648358,-0.015179,one
-0.379337,-1.072419,0.27761,four
1.454952,1.023561,-1.585664,four
0.55403,0.987164,-0.765007,four
0.416643,1.895331,-0.048652,four
0.974366,0.955057,-0.180199,four
0.684085,-1.657462,1.040414,three
0.218567,-0.55612,-0.586009,four
0.616072,1.710338,-1.125921,four
-0.203235,-0.166344,0.081467,four
-0.987267,0.136593,-2.038046,three
-1.368499,1.552937,0.070793,three
-1.626293,2.652229,0.640042,four
-0.937393,-0.938661,0.117552,three
0.48605,-0.215318,-0.642211,four
0.754364,0.311909,-1.187247,four
-0.71516,0.233561,-1.731063,four
-0.970735,-0.350253,0.171193,three
-0.049929,-0.90952,-1.70974,three
-0.132105,-0.079588,-0.139475,two
0.822635,0.145196,1.301603,three
-0.801176,-0.683641,2.348791,two
-0.734675,-0.94553,-0.201713,one
-0.536473,-2.07493,0.098094,one
-0.766457,0.69419,1.036534,four
0.146822,2.041065,-0.410732,four
0.194069,-1.80956,-0.322677,two
-0.452547,-0.13155,-0.454108,zero
0.5064,-1.270207,-2.801481,four
-0.953668,1.315006,-0.1699,four
-1.352479,-0.424491,0.55946,four
-0.908841,-0.599223,0.377234,four
1.999988,0.480597,-0.147425,one
-0.34029,-0.538552,-0.107696,three
0.306569,-0.28853,0.543973,three
0.633983,-0.660542,1.069989,two
0.714254,-1.241125,0.261202,three
-1.132766,-0.617159,-0.845806,four
-1.066291,0.738534,1.686028,two
-0.349389,-0.704643,-0.308516,three
0.453329,-0.105812,1.329736,four
0.455419,-2.013455,0.608066,two
-0.140802,-0.165151,-0.330801,four
-0.046533,1.060745,-1.448353,four
0.176222,4.053331,-0.543979,four
-0.557339,-0.889815,1.21467,one
1.360946,-0.448686,-0.180783,zero
-0.740893,-0.474521,-0.831342,four
0.897085,0.042137,1.782573,two
-1.591297,1.009164,1.708068,three
-0.803411,-0.114711,-0.696746,four
-0.682923,1.483245,2.070941,four
1.399272,1.00783,-1.338154,four
-0.291686,-2.062363,1.684068,one
-0.433262,0.02028,-1.380652,four
0.024273,-0.356037,1.234686,zero
1.574059,-0.255392,0.603075,three
-0.162686,1.61063,0.92162,four
-1.162932,-0.487105,1.12376,two
0.648389,-0.238625,0.555705,zero
0.194709,-0.268597,-0.217007,three
1.181184,2.777802,0.117249,three
1.057773,2.066038,-1.335663,four
-0.528986,0.371573,0.868164,four
0.037454,0.322013,-1.699422,four
-1.112073,0.022611,1.154497,zero
-0.245409,-0.273858,-0.892658,four
0.493867,0.605154,1.70076,two
0.779256,-0.386387,0.632043,four
-1.504601,-2.361261,-1.427728,four
2.264206,-0.214515,-0.756793,two
0.819245,0.524713,0.865772,four
0.668056,0.581686,-1.355087,four
-0.846416,0.475974,0.901779,four
1.526869,-0.991557,1.609643,two
0.564608,-2.25265,0.84857,one
-0.834109,1.022926,1.717891,one
-1.209251,-0.952411,-0.87279,three
0.032016,-0.016704,0.670321,one
1.741068,-0.477211,0.923598,two
-0.007433,0.430007,0.114551,four
-0.373385,0.812674,-0.556853,four
1.703074,-1.32388,-0.733702,four
-1.991697,-0.649704,-2.092522,four
-0.54827,-0.954132,-0.230839,two
0.206842,1.310687,0.200098,one
-0.589386,1.573937,-0.101681,four
-0.916857,0.407463,0.410947,four
0.892731,0.70033,-0.281826,four
-0.684067,-0.239088,-1.792173,four
1.182926,1.925746,-0.221411,four
0.288944,0.333229,-1.759626,four
-1.588549,0.684626,-0.619094,three
-1.872784,-0.274472,1.047083,three
-1.516144,-1.060318,0.420629,one
0.940959,-0.06881,-1.47502,four
-0.388506,0.862227,-0.48341,three
-1.401404,-0.916951,-1.165163,two
-1.51189,-0.033156,-0.158525,four
1.110626,-0.051825,-0.311263,three
-0.024338,1.357961,0.105818,four
2.628477,-0.357466,0.409409,four
-0.358903,-1.62069,-0.95592,zero
1.132994,0.706915,1.614072,three
-0.630194,-0.579849,2.265724,one
0.854997,1.742709,1.340691,four
-0.436908,1.111412,0.889293,four
0.196682,1.175884,-0.236703,four
-1.356329,0.030604,-0.157356,four
-1.193799,-0.877107,-0.809823,four
1.693328,-1.345412,-0.0683,zero
1.016581,1.22683,-1.11528,four
2.104274,-0.880779,-0.444043,one
0.808092,-0.795605,1.303205,zero
0.042693,-1.605171,0.104026,four
-1.584536,-1.351623,-0.495216,zero
-0.461747,-2.887983,-0.142103,two
-0.8102,0.544933,0.954305,three
1.756663,-0.216548,-1.39816,four
-3.150068,-1.744311,-0.665452,four
-1.593603,0.495682,-0.382043,four
-0.948194,-1.21607,-0.233412,one
0.865695,-0.274985,0.904731,two
1.440933,-1.772108,0.151337,one
-0.841633,-0.0744,0.215487,four
-0.760879,-0.668952,1.461859,two
-0.176586,-0.907158,-1.71732,four
0.406453,-0.395401,-1.599732,four
0.12517,1.838013,-1.342963,four
-0.26132,1.455268,0.052741,four
1.227992,-1.547951,0.309446,two
-0.81586,-1.567574,-0.158695,three
1.39953,1.30235,2.417807,two
1.022359,-0.415013,-0.999575,two
0.914726,-0.814293,0.78628,one
-1.317642,0.162525,-0.578254,one
0.718846,-0.715109,0.388114,four
1.342777,-1.388171,-1.002727,four
0.391999,0.776316,2.184364,four
-0.483003,0.927723,1.723575,three
-0.09613,0.93026,0.715064,two
0.273345,0.14769,-1.725159,four
0.506657,0.158885,1.061325,two
0.879084,-0.709739,-1.776318,three
-1.39486,-2.302867,0.667438,one
1.037994,-1.015564,-0.55815,two
0.546347,0.094439,-0.999036,four
0.79219,0.131974,0.002661,four
1.516681,1.661812,0.829278,three
0.412592,-0.635897,-0.885073,four
1.000101,1.402504,-0.124522,four
0.734936,-0.220391,-1.212392,four
-0.286456,0.028898,-0.057732,zero
1.481239,2.32788,1.490575,two
1.276636,-0.162112,0.24207,three
0.548207,0.820614,-0.391621,two
0.044575,0.803713,0.654855,one
0.705934,1.993601,-0.835703,four
-1.000303,0.743129,0.624546,one
-0.603576,0.742878,-2.219131,four
0.324319,-1.2582,-0.565409,zero
1.382329,1.319452,-1.018871,four
-2.030354,1.369726,-0.640964,three
-0.522409,-2.06394,0.610225,two
-1.131749,-1.552789,0.80702,three
1.753306,0.467449,-0.905692,three
-0.687392,0.043431,0.128292,four
-1.47068,0.010283,-2.086862,four
-0.779658,0.070687,1.29788,four
-0.418917,-0.021791,-1.228198,one
0.920657,-0.906377,0.526879,three
-0.301108,-1.042324,-1.16346,four
2.236202,-1.153675,0.831359,one
-2.475716,0.605243,2.061236,one
-1.718464,-0.903756,1.055115,one
-1.072668,-0.264665,1.129391,two
0.100361,-1.606336,0.596463,one
1.260964,0.814301,-0.765516,four
-2.255913,-0.175112,-1.674691,four
0.750222,-1.056019,0.071372,two
-0.402072,1.60855,-0.171603,four
-2.152827,0.272641,-1.332317,four
-0.254728,-0.830438,1.977048,one
0.954961,1.228151,-0.94295,four
-0.794101,-1.350107,-1.030427,four
-0.770889,0.747739,0.9871,four
0.920615,-0.140912,1.380182,four
1.203562,-0.56877,1.958699,three
1.213733,-1.407311,1.953803,one
-0.893956,-0.382733,0.530354,two
0.500689,-0.765965,0.858178,one
-0.667926,-1.311502,-0.15973,two
0.413016,-0.669394,0.98178,one
0.127127,-0.512418,-1.583198,four
-1.465663,-1.338033,-0.349061,four
0.904101,0.653377,0.658597,four
2.419237,0.743798,-1.79405,four
1.100596,2.411944,0.598836,four
-0.282251,0.446043,0.490932,one
-1.121995,-0.591974,0.882998,four
-0.095232,-0.191953,-1.725864,four
-0.11231,0.01861,1.563093,two
2.392174,0.51349,-0.124362,four
0.596462,0.565442,-1.546896,four
1.392037,0.594368,-0.414247,three
-1.692725,0.289524,1.758546,two
-0.526422,1.487957,0.470724,four
-0.956813,-0.110244,0.052986,three
-0.004096,-0.081451,0.482588,four
-0.386323,0.266312,0.180796,four
-1.034818,-0.365198,1.025828,three
-2.14841,1.177364,-3.030392,four
1.611384,0.174137,-1.870717,four
0.117059,1.393859,1.035311,three
-1.091428,-2.771292,-0.726233,four
0.197078,1.066312,0.758252,three
-0.398686,0.355176,0.341042,four
0.451627,0.608538,-1.034177,four
-1.435982,-0.406656,-0.411407,four
-2.007084,0.584634,-0.018611,four
-0.455433,0.887814,0.169955,four
-1.480389,-1.768665,-0.416786,three
-0.424854,1.181493,-0.275054,two
0.121499,1.402188,-0.039665,four
2.043996,-0.971666,-0.779834,three
-1.711707,-1.525199,-1.829247,four
0.204127,0.299364,1.536742,three
0.521867,-0.313394,0.647494,four
-0.419619,-1.348906,0.555483,one
-0.043284,0.352383,2.599656,three
-0.281389,1.960793,-0.136124,four
-0.408191,-1.411465,-0.418081,one
1.062555,1.572405,-1.547914,four
0.658949,1.805523,0.220151,one
0.876395,0.583171,-1.290447,four
-0.924143,0.140496,0.406416,four
2.820847,1.329171,-0.72942,four
2.33481,1.057239,0.601688,three
-0.104042,-0.313302,-0.474739,three
-0.402323,-0.644896,0.11519,zero
-0.130708,-0.648661,0.741917,one
0.0814,2.405736,-0.87741,four
0.447807,-0.737502,-0.348607,four
-1.195098,-1.612183,-0.092526,one
-0.620069,0.388242,0.916094,three
-0.582789,0.319804,-0.944412,one
-0.901404,0.366135,0.684865,four
0.544408,-1.65434,0.672246,one
-0.01356,-1.083157,0.334338,four
-0.803259,-0.171942,-0.128989,zero
1.912862,-0.52579,-1.573408,four
1.452316,2.047659,0.235616,four
-1.644168,-0.27776,-0.474626,four
2.524845,0.443621,-1.00215,four
0.15994,-0.331002,-0.417647,one
-2.272103,0.218411,-1.01784,four
-1.550143,2.288755,0.291962,four
0.092975,0.753301,0.630437,four
1.000163,-1.108882,0.777859,two
2.096243,0.83026,0.834803,one
0.010335,0.952495,-1.077219,two
-0.270058,-0.647087,1.249445,three
0.214185,1.09451,1.984593,three
-0.719666,-1.058186,-1.720244,two
-1.677589,-0.050153,1.150666,two
-1.171088,1.135295,-1.077376,four
-2.024478,0.043231,1.479106,zero
1.0517,0.098411,1.991719,one
0.130976,1.48201,0.962068,two
-0.214343,-2.551591,-0.096432,four
-0.071943,-0.340622,-0.703749,four
0.059196,0.546662,0.623226,one
-0.376186,-0.103929,-0.529773,two
1.182135,-0.878809,0.58928,three
0.273325,-2.200318,-0.060096,three
-0.371907,0.712672,-0.509763,four
0.779392,0.351318,-1.218975,three
1.337776,0.58845,1.217319,four
-0.124737,-0.974602,0.732107,one
0.437716,-0.686861,-0.532669,three
0.30657,-0.155576,0.909612,two
0.069466,0.336389,-0.712508,two
-1.349711,1.260174,-0.337299,four
-1.610098,-1.666451,0.357121,two
-1.483003,-1.361225,-1.306698,four
0.762016,0.387829,0.875585,three
-0.798742,-0.664548,0.277813,one
0.803887,1.477326,0.232017,four
-1.784837,0.188067,-1.312817,four
1.092991,-2.009482,-0.039826,zero
-1.214956,-0.16198,1.013181,one
3.120088,-0.273503,0.657912,one
-1.042244,0.573515,-0.460217,four
1.410022,-0.441707,-0.308855,three
0.342725,0.465982,-0.075628,four
1.116628,-0.325078,0.023495,three
0.962722,-0.175784,-1.638197,three
-0.181755,0.698641,-2.599844,four
0.09451,0.514223,0.155696,four
-0.068679,-0.277446,-1.56438,four
-1.486597,-0.716134,0.802614,two
-1.32886,0.003192,-1.06464,four
0.818416,-1.580841,-1.610519,four
-0.536104,-0.629662,0.190513,three
0.343117,-1.773597,1.113357,two
1.784586,0.233439,0.171911,four
0.366814,0.649981,0.328035,four
0.683172,0.172221,-1.282996,four
-0.7093,2.30162,-0.268714,four
0.004362,0.596724,-2.471301,four
-0.12788,-0.91179,-1.443697,four
-0.434423,-1.906044,1.378245,one
-0.508165,0.296917,1.168455,four
0.560755,-2.122952,-1.695616,four
1.379502,1.11326,0.276572,three
-1.579539,-1.144755,-2.098651,one
-0.945524,0.403594,1.136483,two
0.823616,-1.555827,-0.830935,three
0.494263,-1.062755,1.879592,one
-0.274582,-0.774117,-0.477825,four
1.176638,0.172088,-2.194976,four
1.239395,-0.094274,0.489193,two
-0.19291,0.364931,-0.411481,four
0.375547,0.910369,0.237483,four
0.832426,0.301534,1.231259,four
-1.233022,0.301935,0.383847,one
0.165417,0.249941,0.546508,four
-1.042774,1.186802,-0.770601,four
-1.38173,-0.936588,-0.455666,three
0.99008,-0.866244,0.494747,four
-0.83102,0.446827,0.96679,zero
-0.568576,0.712619,0.411335,four
-0.091713,1.230138,0.216115,three
0.278714,0.189569,1.100132,three
1.403085,-0.559931,-0.556855,four
-0.597459,-2.140502,0.553021,one
0.781148,1.6569,0.49132,four
-1.003726,0.863527,-0.805266,four
-2.134167,0.627124,-1.525202,four
1.409342,-1.5991,0.315921,three
0.602496,1.115542,-0.687358,four
-0.696735,-1.052056,-1.295869,one
-1.132176,-0.776533,-0.798472,four
-0.25923,-0.717641,0.799019,three
1.191992,-1.715585,0.070068,two
0.460754,0.284824,-1.74505,four
-0.506578,0.779273,1.279779,three
1.83725,1.768361,1.079874,four
-0.221163,-0.238445,0.250674,four
-1.252756,2.013731,-2.309138,four
-0.773325,0.207823,-3.429133,four
0.168206,0.485511,-1.272054,four
-0.510546,-0.323561,-1.743649,three
-1.158937,0.334518,-1.423457,three
0.469683,-0.838296,-0.324412,three
0.393315,2.731789,-1.266045,four
0.501205,-1.045391,-0.044422,four
0.717362,-0.200837,-1.177998,one
0.413795,-1.753749,1.68401,one
1.953384,0.44159,-0.427351,two
-1.54065,-0.436572,0.611197,two
0.523713,-1.147318,0.071831,three
1.544003,-1.059196,0.095143,three
0.950396,1.32852,-0.060243,four
-0.850417,-1.865901,0.693939,one
0.334158,0.587026,0.052036,four
-1.995854,-1.076685,1.520223,zero
1.638738,0.583955,-0.961598,four
0.188329,0.030419,1.239013,three
-0.729753,-0.161153,-0.558595,four
0.282032,0.167828,1.37196,three
-1.303198,-0.303813,-0.529988,three
1.05511,2.157635,-1.509627,four
0.120427,0.910998,-0.171566,three
0.065596,0.033496,0.872946,three
0.495603,0.796526,-0.120214,four
0.114305,1.775563,-0.906541,three
-0.335781,-0.399441,-2.239085,four
0.693906,-0.609201,-0.675528,two
0.368852,0.595862,-0.223715,four
-0.241266,0.828044,-0.101021,four
0.773062,0.928752,0.912804,four
-1.259925,-0.759198,-0.467346,three
1.294971,-0.088165,1.239193,three
-1.294891,-1.211701,1.216605,one
-0.672561,0.990747,-0.099998,two
-1.838225,-0.044104,-1.512963,four
-0.19201,-0.89702,-0.393639,four
0.78886,-1.038634,-0.317526,three
0.355477,0.460538,0.613992,four
0.462787,1.80313,-1.382184,four
1.238276,-0.636224,1.916428,three
0.059782,0.120506,-0.23201,one
0.692321,0.304404,-0.666104,two
-0.060826,-1.702086,-0.135134,three
0.860483,0.568784,-1.778166,four
2.535802,-0.705072,0.078243,four
-0.67349,0.419453,1.620202,three
-1.244676,1.169741,-0.362846,four
0.575006,0.429318,-0.248806,three
0.980339,0.473441,-2.513011,four
1.237237,-0.42031,-0.690393,one
1.171544,-1.479722,0.222909,zero
1.752466,-1.535347,-1.324614,four
-1.389786,0.101006,0.300398,four
-0.670111,-1.195487,-0.7746,three
-0.616306,0.778363,1.42492,two
-0.702606,0.424659,0.636948,two
-2.494923,0.01083,0.445824,four
1.041747,1.450125,0.562907,four
-0.918944,0.99085,-0.317566,three
0.545125,-1.673159,-0.854403,four
-0.874646,0.352587,0.31294,three
0.071917,0.220737,-0.299092,four
-1.018787,-0.441719,-0.053583,four
0.315577,-0.513039,-0.385716,one
-0.376841,2.745644,0.995765,two
2.234703,-1.269188,0.934408,four
-0.87827,0.391351,0.123639,four
-0.435829,0.702728,1.811635,three
-1.134783,-0.610715,-1.162026,four
2.149932,1.440607,-1.008955,four
1.650178,0.239911,-0.22676,four
-1.691068,-0.491153,0.058137,two
-0.812193,0.847655,-0.652832,one
-0.192108,0.988039,-1.407108,three
0.003527,1.525132,-0.185404,four
0.140045,0.416286,0.412619,four
0.627092,0.249016,0.472858,four
-1.541915,-1.575692,1.287383,zero
2.135146,1.518387,0.252508,four
-1.393921,0.827017,-0.016818,three
1.112649,-0.244013,1.097348,two
0.185223,1.859272,0.276845,four
-1.784096,1.972817,0.703244,four
-0.085643,-1.981537,-0.816106,four
1.382008,0.34386,1.02381,zero
-1.53673,-1.270306,-0.737617,four
-0.594876,0.39854,0.925936,three
-0.299699,-0.003647,-1.028499,four
-0.064864,0.593308,-0.706352,two
-0.185298,-1.440632,-0.523351,three
-1.221495,1.206319,0.1159,four
0.700959,0.037228,-2.134235,three
1.639546,-0.357046,1.500891,three
-1.072045,-0.344869,-0.110891,three
-1.012129,1.349489,0.732113,four
0.036381,-0.3739,0.69797,three
0.979998,0.750598,1.504329,two
-1.543987,1.903419,0.786425,four
0.510134,2.57642,0.229406,four
-0.499199,1.097082,0.045652,three
0.081024,-0.327613,1.08172,three
-1.555391,0.333422,0.517646,four
-0.100459,-0.385475,1.357771,one
1.383369,-1.157726,0.73878,three
0.517457,-0.997973,0.045926,three
1.679971,-0.878494,0.005417,four
0.796308,0.89737,0.791645,four
0.600194,0.724508,-0.095617,four
-0.271895,0.697962,1.341696,four
1.270252,0.839984,0.561975,one
-0.287395,0.031697,0.248377,one
1.596833,0.126325,1.157469,two
1.53878,1.900718,-0.593459,four
-0.442869,1.577499,-0.097086,four
1.137047,0.147554,-1.316155,four
2.338557,0.357311,2.101792,four
-2.427876,-1.150899,0.887666,zero
0.197443,-0.716966,0.475718,four
-0.557606,-0.595909,-0.451152,four
-0.339258,-0.91187,1.648759,one
1.552449,0.717704,1.335535,four
-2.142472,-0.383101,-0.244503,two
0.132112,-1.809461,0.87806,two
1.50514,0.37626,1.965986,one
0.412216,1.55033,-1.830878,four
1.768879,-0.216676,2.013712,three
0.081342,-0.553251,-2.102813,four
0.905652,-0.104337,-1.453677,two
-1.317632,1.121394,0.041474,two
0.985113,0.174177,-1.666894,four
0.266034,1.440447,0.217356,four
2.512048,-0.989768,-1.745556,four
-0.96751,-0.32927,-1.610409,four
-0.328331,1.061357,-0.123089,three
0.478354,-0.107904,-1.462744,four
0.140315,-2.109524,1.655717,zero
0.288743,-0.350005,-0.606907,four
1.571049,-1.77783,1.048844,one
-0.47351,-1.047649,-2.078227,one
-1.058563,-0.046934,-3.136003,four
-0.198589,-0.31862,-0.418196,two
0.95675,-0.323427,0.240157,four
-0.656191,-0.638131,0.247626,three
0.362898,-1.340587,-0.910102,two
0.749292,-0.364003,0.308433,two
0.342151,1.311035,-0.463751,four
0.444606,-1.134814,0.432828,three
0.355562,1.095284,1.242784,four
-0.171632,-0.537986,-0.938628,four
0.991766,-0.877593,0.489087,three
0.361923,1.193037,-1.330147,four
-1.194378,-0.416731,-0.671876,four
-0.747938,1.514714,-0.298484,four
0.617037,-0.253674,-1.846655,four
0.515751,1.010503,-1.13222,four
0.027091,-1.220925,-1.011823,two
0.660758,0.168473,0.355531,four
-0.882846,0.551696,-2.263342,four
-2.095565,0.392967,1.274299,three
0.014918,-0.440861,-0.901965,four
0.10234,0.335863,-0.502785,four
0.655348,-0.084579,-0.902692,four
-0.116239,-2.195552,0.14905,two
-0.427449,0.994093,0.98249,one
1.488176,-1.901108,-0.520035,four
-1.229263,-0.00035,1.272312,four
-0.111149,0.163197,0.16643,three
-1.066975,-0.054049,0.909321,three
0.742298,0.709569,-0.452684,four
-0.744786,-0.241244,-1.238667,four
1.116982,0.954937,1.60173,three
-0.615321,-0.155095,1.272647,two
0.157233,-1.919778,0.586441,three
-0.299372,-0.986204,-1.031599,two
-0.310627,1.487754,0.828445,four
0.062347,-0.751934,-0.254663,three
-1.194254,-0.24587,-1.201776,three
-2.031251,2.776408,-1.357527,four
1.348458,-0.006435,0.686174,three
-1.698755,-0.605567,-0.065484,four
-1.154752,-2.400289,0.645822,one
-1.257682,1.462946,0.73274,four
1.768889,-0.269968,-0.462165,four
0.992963,0.381933,0.817729,four
-1.270061,-0.797026,0.163509,two
-0.137548,1.029312,-0.642113,four
0.609585,0.43592,0.903873,two
-0.151334,1.415037,1.854281,two
-0.14295,1.703048,-1.07731,four
-1.822278,-1.282073,-1.446759,four
-1.978807,1.121859,-1.785031,four
-1.466057,-0.22937,0.885205,two
-2.439914,-0.942176,-0.69,four
-2.553901,1.234063,1.181168,three
1.981573,0.850057,-1.471815,four
0.998825,0.117069,-0.77919,zero
-0.013486,-0.601374,-1.23416,one
0.379842,-0.705999,1.450247,three
0.229816,-0.135627,-1.164143,four
0.786841,0.183594,0.837587,three
-0.124414,-0.57111,-0.417254,four
-0.771872,-0.015997,0.050142,four
-0.143671,1.593586,0.727831,one
-0.89374,0.695002,0.824962,three
-0.412033,1.497835,-1.397125,four
0.10948,0.570586,1.32069,four
-1.401934,0.191157,0.22462,four
0.65576,1.266386,1.999902,three
-1.702359,-1.630935,-0.259261,three
-0.005399,0.769787,0.679979,four
-1.788975,0.464526,1.158697,four
2.566571,1.216449,0.62216,two
0.640351,1.788933,0.932038,four
-0.578492,-0.493456,0.555822,one
-0.416417,0.085142,0.348983,four
-1.455072,-0.325684,-1.457801,two
1.212652,0.291773,0.004535,two
0.15028,-1.120151,-0.794579,four
1.008087,1.701437,0.398799,four
0.578583,-0.425484,0.11546,two
0.394367,0.477052,0.026983,four
-1.675468,0.605501,-0.453096,two
-1.316472,-1.577869,-0.601838,four
0.697359,-2.138469,1.257513,one
-1.280737,-1.486822,0.254663,one
-0.340603,-0.114967,0.435203,four
-0.847329,-0.933636,1.445904,three
-0.297437,0.144593,1.548114,two
-0.392722,-0.977373,0.041872,zero
0.442724,-1.413168,-1.277203,three
0.767691,-0.804151,0.175014,three
-1.541773,-0.268746,-0.957697,four
1.108655,-0.538472,-0.072962,four
1.266017,0.97574,-0.216658,four
-0.952496,-1.125246,-0.686501,one
0.431771,-1.529111,-0.512471,one
0.754687,-0.668216,-0.28362,four
-1.404974,-0.620723,0.662625,two
-1.087668,-0.486237,1.078334,three
0.68493,-0.785244,0.270904,four
-0.63394,-1.46417,0.698304,one
-1.210024,-0.344786,0.134198,three
-0.287362,0.278783,-0.526897,four
-2.189189,0.82354,-1.25931,four
-0.90582,0.391269,-0.453252,four
0.310391,-1.208323,-0.053189,two
-1.716369,-0.084944,0.782564,three
0.677551,-2.26409,0.460198,four
1.580406,-0.183678,-0.905981,four
0.169578,-0.045057,0.093479,zero
-0.419906,-0.82732,0.64427,two
0.782135,-0.479799,1.200887,zero
0.258129,-0.18566,0.358706,four
0.561039,-0.186049,0.873743,one
-0.976459,1.233458,-1.94591,four
0.5076,1.13135,0.15723,four
-0.617056,-0.572039,-0.916658,four
0.158181,-0.197798,-0.042079,zero
-1.35609,0.905899,0.283086,three
-1.125172,0.513228,1.115522,four
1.030499,1.386348,-0.570738,two
0.846642,0.413149,-1.054123,four
1.336874,-0.418819,1.306677,three
-0.649075,-1.786673,-0.776638,four
-0.233225,0.042541,1.092923,two
0.338668,-0.133394,-0.065123,four
-1.005705,0.374477,-0.124841,four
2.257454,-0.343885,0.043168,one
-0.859434,-0.412158,-0.979028,three
-0.082263,-1.064541,0.218332,three
-1.364119,0.922636,1.859584,three
0.575423,1.898666,0.51438,four
-0.830249,0.208144,-0.035407,four
-1.572769,2.607787,1.743156,one
-1.361171,0.365091,1.170633,four
-1.402971,1.797114,0.031277,four
0.615758,-0.025961,-0.692963,four
-2.278424,-0.233668,-0.462439,four
1.337912,0.653966,0.117821,two
0.288367,-0.072579,-0.5592,three
-1.077697,-0.5908,-1.125828,four
1.007797,-0.358625,0.018569,four
1.492658,-1.370103,2.121525,zero
-1.097433,-1.065094,-1.456798,two
1.3243,-1.146737,0.045241,three
0.760446,1.410875,0.026089,four
-1.502177,-0.32225,-2.687828,four
-1.414522,0.691356,-0.386466,four
0.842904,0.621421,1.839836,four
0.870565,-0.74197,-1.215135,four
1.185832,-0.443407,-0.657856,four
1.680211,-0.045099,-0.331911,four
-0.67673,0.505162,-0.501393,zero
-1.279953,2.134065,0.125408,four
0.681455,-0.228473,1.961819,two
1.298381,-0.411161,-0.206508,four
-0.507332,0.130687,0.80833,four
-0.904282,-0.842294,0.25746,three
-1.243262,1.876272,2.07116,two
1.10042,0.437666,-0.180483,three
-1.173299,-0.908818,-1.349793,four
0.111668,-0.499673,-0.025553,three
1.015839,-0.417571,0.553372,four
-0.596937,0.149295,0.319971,four
1.003494,0.424645,-0.437459,four
-0.682044,-0.198401,-0.403118,three
0.213023,2.875723,-0.874832,four
-0.59276,-1.328326,-2.073876,four
-1.242149,-0.776884,-0.35627,four
0.323365,-0.131586,-0.232353,four
0.593,1.254492,0.127769,two
-1.514406,-0.499137,0.234012,one
-1.258425,-1.616898,-0.946247,four
-1.213501,-0.51007,-2.048208,four
-0.954462,0.172709,-0.483491,four
0.101738,-0.595988,2.79714,one
0.742625,-1.187732,1.545579,one
0.081834,-0.138431,1.280881,two
-0.472673,-0.297825,-0.164163,zero
0.476072,-0.416497,-2.541312,four
0.387793,0.064018,-0.701408,three
-0.450583,-2.504166,0.418063,one
0.958399,-1.156011,-1.440113,three
0.08584,0.055139,-0.181791,three
1.099127,-0.44125,-0.46047,two
0.82082,0.1362,0.657109,one
0.154567,0.515564,-0.582874,four
0.294027,0.518125,1.211228,three
0.38445,-1.193846,-0.789615,four
-0.121129,0.340646,-1.196745,four
0.262149,0.011447,0.317453,one
0.413977,-0.168723,-0.229196,four
1.579144,-1.090304,-0.047877,three
1.716584,-0.965911,-1.095179,four
0.567263,1.618046,-0.634117,four
0.583126,-0.841597,0.755018,three
-0.018194,1.751153,-0.259234,four
-0.090482,2.854519,1.751231,four
0.982928,-1.439987,1.291805,zero
-0.615115,0.611202,-1.487367,four
0.438696,0.068228,0.268623,four
-1.373307,0.05821,1.094574,three
0.87479,0.778985,0.229633,four
-0.679996,0.263243,0.135198,two
-0.888929,-1.010697,-0.539545,three
0.280476,0.191525,-2.19767,four
-0.257951,0.974905,-1.128952,four
0.01043,1.08172,0.218615,two
-1.003824,0.011679,-0.230286,four
-1.297612,-1.561398,0.016566,three
1.81571,-0.07778,0.768187,three
-0.162458,0.901875,-0.652081,four
-1.287006,1.866181,-0.595784,four
0.255976,1.120502,-0.069518,three
1.000044,-0.977941,0.82497,one
-1.465013,1.164205,1.617705,zero
1.130384,-0.288941,1.379876,two
-0.832045,-1.605572,1.408858,one
-2.26294,-0.153224,-0.565613,four
-1.75805,2.453717,-1.249336,four
-0.876047,-1.701149,1.09914,four
2.37776,0.499784,-0.151385,zero
-0.741797,-0.094926,0.889557,two
1.036637,0.368548,0.353262,four
0.316664,0.07459,-0.709883,four
1.314567,0.670115,-0.715582,three
-0.551597,-0.365479,1.176741,two
-1.037443,-0.249252,-0.340407,four
0.802481,-1.996016,-1.524655,four
1.014279,0.53277,0.188591,three
1.53897,0.514575,-2.116206,four
-1.304104,1.706356,-0.126342,four
-1.309004,1.572395,-0.239801,four
-0.598923,-0.08454,0.862396,three
-0.394136,-0.306288,1.790119,three
0.621372,0.70083,-0.871494,four
-0.469407,0.318753,0.126188,four
-1.978515,-0.529806,0.121197,two
-0.303575,0.98299,-0.588414,four
-2.600344,0.332311,0.514065,four
-1.919125,-0.288083,1.837561,three
0.177246,0.112438,-0.035214,one
0.887668,-1.075324,0.169455,four
0.923071,0.718519,2.286615,two
-0.80178,-2.095729,-0.047638,two
0.607344,0.550164,0.442899,four
0.367713,0.455829,-0.836344,four
0.675239,0.05086,-1.577854,four
-0.632472,-0.853873,0.556055,two
0.68719,1.236171,-1.026041,four
-0.057538,-0.807738,0.698773,four
0.810236,0.419838,2.001022,two
1.592811,0.437193,1.07101,two
0.530749,-0.236787,-0.974616,four
0.30573,0.985012,1.503553,four
1.441172,1.393398,-1.798801,four
1.669979,0.351175,0.97037,four
0.98288,-1.062264,0.864406,four
-1.535712,0.63346,0.986147,three
-0.314508,1.136502,-0.459448,four
-0.798394,0.01726,-1.208612,four
-0.229507,0.966245,0.882933,three
0.671173,-2.298002,-0.275208,three
1.167838,0.5305,-2.467809,four
0.597628,0.831681,0.821542,two
-0.037402,-0.238697,1.737351,zero
-1.774656,0.00411,0.060003,three
-1.354311,0.375728,1.426214,four
-0.065513,1.05533,-1.105855,four
0.391513,0.495275,-0.247253,four
-1.986107,-0.08134,0.401105,three
1.479531,0.082146,-1.138477,three
0.420351,-0.403815,0.219197,four
-1.638224,1.456559,0.328776,four
1.196712,-0.600623,0.893336,three
-0.201634,0.104217,1.028426,two
1.419026,0.585236,-0.355432,three
-1.093926,-0.428868,0.8123,three
0.971224,-1.313916,-0.40497,four
-0.067307,1.661551,-0.434857,four
0.825299,-0.292953,2.064881,one
0.68115,0.810052,-0.301502,two
0.162342,-0.184151,-0.626984,three
1.504516,-0.248366,1.438434,two
1.16955,1.548929,-0.199239,four
-1.286053,0.184724,0.401959,two
-1.181343,-1.464903,-0.06813,one
-1.691287,0.532346,1.560523,two
0.74043,0.195422,-1.726293,four
-0.994325,-0.214075,0.477849,one
-0.605274,-0.748015,-0.403941,three
-0.553628,-0.093435,-0.616855,three
0.789072,1.282927,-0.362659,three
0.282904,-1.157719,-0.488189,zero
1.085598,-0.770636,1.471878,two
-0.440023,-1.928872,1.316191,zero
0.419469,0.107374,1.368855,two
-1.19259,-0.281468,0.181446,three
0.806116,0.475402,-0.061428,four
2.109646,1.330742,-0.52246,four
-0.363082,0.579486,-0.892778,four
-1.412479,-0.610059,1.512701,two
0.221607,1.60122,0.851913,four
0.367751,-1.701344,1.075661,two
0.115879,1.962944,0.329345,four
-1.819484,-0.367521,0.972985,two
-0.688643,0.72083,0.654892,four
0.881695,-0.243759,-2.699101,four
-0.410005,0.814513,0.488257,four
-0.747061,0.191384,-0.522008,one
-1.180764,0.37801,-0.787363,four
0.615726,1.976624,-0.130255,three
-0.349826,-0.79691,0.085088,four
-1.160065,0.968096,-0.585584,four
-0.994465,-1.188005,-0.035983,one
0.360332,-0.875662,0.109938,three
-0.966126,-0.585961,-1.285502,four
1.222411,-1.206498,-1.431409,three
0.127413,-1.126305,-0.918902,one
-0.121487,-0.003622,0.234744,four
0.278498,-1.303257,-0.716761,four
1.375228,0.977917,-0.405839,four
-0.463778,0.549548,0.98096,two
-0.806119,-1.062333,0.174717,three
1.499807,0.038393,0.218313,one
-0.046361,2.305553,-1.237946,four
0.442294,-0.26951,0.968472,three
0.668238,-0.023204,-0.525791,four
0.760137,0.646009,1.265621,four
0.919294,0.939782,-1.00412,four
-0.221638,-1.378033,1.084459,one
-0.914759,0.793757,-0.173921,three
0.475161,-2.61433,0.697794,one
0.091607,1.110475,-0.970985,four
0.879676,0.646159,0.789349,four
0.472797,2.567898,0.380956,four
-0.525731,0.709411,-0.808219,four
0.741155,0.620133,1.557518,two
0.404566,-0.960368,-0.751956,four
0.773113,-1.443249,-0.087803,four
0.010921,-0.097391,-0.360099,four
-1.048734,1.704651,0.835761,four
0.555059,-0.095279,-0.992802,four
-0.584709,-0.462655,0.169328,zero
0.375994,-0.305387,-0.016393,four
-1.902243,0.235199,-0.89524,four
1.157915,-1.59735,0.956692,two
-0.80094,0.376575,0.281577,three
2.111938,1.120612,-0.252409,two
-1.409531,-2.053048,-0.171114,two
-0.717346,0.141801,0.326214,four
-0.225411,-0.490818,-0.700221,four
-2.356508,0.921008,1.155053,four
0.193031,-0.450927,1.409451,one
0.311442,-0.356624,-2.11071,four
-0.001967,0.02196,0.797168,two
0.486588,0.300019,-0.310923,three
-0.450413,-2.229946,-1.536099,four
-1.283079,-1.379498,-1.725927,four
0.857073,-0.74218,-1.196324,four
-0.708136,0.224462,0.757496,four
-0.584992,0.36535,-0.263411,four
0.943184,0.878664,-1.255274,four
-0.93089,1.149174,-1.000563,four
-0.225348,1.020058,-0.735309,three
0.448615,0.771114,-1.542958,four
-0.003876,-0.370947,-0.278079,four
0.244468,0.396561,0.685777,four
-2.52483,-0.230608,-0.44219,four
0.835444,0.48078,2.461648,two
1.066956,-0.38481,0.663829,one
-1.244386,-1.37671,-0.02519,two
0.675886,0.823193,0.933263,two
-1.018311,-1.766736,0.66536,three
0.774255,-0.855339,-2.326352,four
-0.165976,-1.311816,1.374344,zero
1.293445,-1.602498,-0.504919,four
-1.059419,0.748314,1.485608,one
-1.869027,0.873294,0.673668,four
0.207256,0.571871,-1.57505,four
1.505324,-0.60886,-0.130183,one
1.006952,0.326037,-2.018245,four
-2.491676,0.936137,-0.047671,four
-2.323852,0.419763,-0.606824,four
-0.473054,0.51231,-0.231117,two
-0.687332,0.220727,0.599872,two
-0.648038,-0.958512,0.11547,two
-1.345621,1.587298,0.75499,four
-0.338154,0.299909,0.785646,four
0.481485,0.664232,1.289201,four
-1.559591,-0.627854,1.10449,one
-1.004377,0.357324,0.485872,four
-0.015778,1.089717,0.060112,two
-1.057804,-0.719991,-0.662313,four
0.933003,-0.80549,1.744802,two
0.297429,0.44917,-0.602368,four
0.57928,-0.099761,0.298699,four
-0.841426,2.57634,0.223231,four
0.257543,-1.357954,0.926569,four
0.317097,0.894819,-0.763277,four
-1.015593,-0.665801,-0.402017,four
-1.416023,0.596149,-0.756705,four
0.002629,0.177254,-0.748212,three
0.420371,-0.741898,0.13367,four
0.40135,-1.882044,-0.727478,four
0.149954,-0.721949,1.153275,one
0.284245,-1.162501,-0.978431,four
-0.220837,-0.458363,1.322249,four
1.386042,1.073577,0.864744,one
-0.175436,0.988104,-0.67661,four
-0.810215,0.153632,0.809722,three
-0.346713,0.370843,1.356705,two
-0.395102,-0.047525,0.888831,two
-1.332403,0.117287,0.100425,one
-0.276512,0.383708,0.615079,four
-0.444548,-0.661095,-0.376562,two
0.54273,0.028243,0.780547,four
0.631765,-0.361224,-2.68233,four
-1.043754,-1.671421,-0.019123,three
-0.351984,1.722447,1.07045,four
-1.095028,-0.805985,-0.525403,four
2.703812,-0.153559,0.393339,four
-0.337492,0.97031,-0.785913,four
0.819882,0.135686,-0.94548,two
0.079563,0.241812,0.238499,four
0.968113,-0.080379,0.335192,four
1.225903,-0.356363,-1.722184,four
0.385868,-0.40542,-0.554499,four
-0.496077,0.024633,-0.914413,four
2.063988,-1.397858,1.437964,zero
-0.537785,0.526504,2.208914,two
-0.719222,2.70377,0.872534,four
1.517532,-1.9746,0.323102,one
-1.081478,0.642918,0.841737,four
0.227448,-0.99532,-0.911208,four
-0.241533,-0.181444,0.919705,two
1.315153,0.102402,1.044608,three
2.199885,-0.868162,1.302779,three
-1.097186,-0.146657,0.684785,two
-0.014565,1.370892,1.215229,four
-0.06293,0.394421,-2.023688,four
0.767529,1.41547,0.269193,four
1.435032,0.053058,0.367759,four
0.847826,1.97246,-1.666123,four
-0.226069,0.179587,2.013856,one
0.520476,0.414992,1.021346,one
-0.94762,-0.12707,-0.325568,one
-1.832481,-0.80659,0.867075,two
-0.637517,1.501348,1.699023,two
-0.205928,0.782029,-0.529728,four
1.046875,-1.323942,1.201346,three
-1.697978,0.826229,-1.197425,four
-0.725219,1.16091,0.345734,four
-0.445076,0.387784,0.634414,four
0.991114,0.708926,-0.406858,four
-0.70345,-1.975157,-0.735766,four
-0.206015,1.912175,0.25491,one
-0.133392,0.33524,-0.565043,three
-0.300999,0.477152,0.162966,zero
0.281911,-0.840562,-0.862766,four
0.743777,0.136433,1.488047,two
-0.838637,-1.182075,0.338656,zero
-0.070686,2.35298,-1.638695,four
0.582321,2.185415,1.330931,four
-0.388393,0.282187,-0.719504,four
-0.862583,1.160004,-1.015943,four
0.308471,-2.025357,-0.155064,two
-1.122384,-0.641194,-2.466835,four
1.679401,2.204856,-0.086249,four
-0.659912,0.99888,-0.974083,four
-1.201206,2.631075,0.615615,three
-0.730509,-0.609609,-1.602321,four
-0.389772,-0.063422,0.366105,four
-1.125954,0.042359,0.117755,four
-0.300074,2.417521,0.746269,three
-1.305749,1.110326,0.739206,four
1.824867,1.3538,1.86394,four
0.363389,0.229012,1.664655,two
-0.455172,0.588002,1.012041,three
1.627622,0.436647,2.32909,two
-1.404511,0.665506,0.252394,four
1.026874,0.738609,-2.691751,four
1.592808,1.303359,-0.591702,four
-0.450516,-0.593267,-0.065385,four
-0.39012,-0.749454,-1.571568,four
-0.303058,-0.174668,-1.394889,two
-0.22441,-0.567499,-0.283866,two
1.758028,-0.038796,0.698709,three
-0.128304,0.09154,0.857205,two
-0.20263,-0.063013,1.177906,three
-0.758267,-0.240834,0.355442,four
1.135364,0.890304,-1.780065,four
-1.098125,1.039224,-0.290513,three
0.598957,-0.019177,-0.298674,four
-0.979518,0.760558,-1.858993,four
0.995558,-0.414399,-0.536552,four
-1.70517,-0.137417,0.343012,one
-0.826974,-0.753439,0.186192,three
1.222968,0.532472,-0.087352,four
-1.291225,1.163508,-1.237652,four
-1.08332,0.651817,-0.704739,three
0.501391,0.967867,-0.166468,four
-0.857578,-0.131854,-0.621406,four
-0.239027,0.994424,-1.445452,four
-0.958861,-0.421483,1.058401,one
-0.727127,-0.413138,-1.046451,four
0.150636,-0.273784,0.914356,four
-0.071852,0.559502,-0.451552,three
1.519796,0.67653,-1.206863,two
0.408742,1.176057,0.197022,four
0.153314,0.275133,-0.855219,three
0.393188,0.604953,-1.729577,four
-1.224432,0.456497,-0.801334,three
-0.926126,-1.057,-0.391912,four
-0.225741,-2.276157,-0.805032,two
-1.167606,-1.136428,-1.1841,four
0.08111,-0.308451,0.27774,zero
0.142989,-1.150991,0.613912,one
-1.816349,-0.032766,0.781924,four
0.706626,-0.914433,-0.605179,two
1.306703,1.075189,0.657707,two
-0.40885,-0.350223,0.390862,four
-0.43845,-1.17212,-0.064215,three
-1.511269,0.113325,0.694481,two
0.771429,0.016692,-1.840862,four
1.557809,-1.320536,-0.458705,four
-0.013374,-0.070597,0.381316,two
-0.876605,0.609589,0.564681,four
0.693757,-0.363248,1.748518,two
0.016803,-0.257677,1.453968,one
0.774496,0.349192,-2.105635,four
0.871048,-0.094915,0.103269,zero
-1.226101,-0.844336,0.193226,four
1.336931,-1.698164,0.407256,four
0.052927,-0.187347,-1.208787,four
-0.829809,0.407745,0.959002,one
-0.60406,0.501231,0.378916,one
0.278417,-1.834515,1.004112,one
1.056995,-1.617445,0.483252,three
-1.69005,1.435469,-0.856828,three
0.553156,0.024708,-0.140374,four
-0.607191,0.545204,-0.242355,four
-1.32369,0.22513,1.691181,one
0.310247,2.561128,-1.017115,four
2.138777,-0.545817,0.377409,one
-0.143372,0.439917,0.156266,four
-1.792444,-1.334391,0.298963,two
0.060194,0.34875,1.762931,two
1.311088,1.057046,2.110925,two
-0.115184,-1.722374,0.963032,three
-0.108769,-0.178042,-1.076435,four
-1.011215,0.403983,-0.711985,four
0.043115,0.667155,0.707072,two
-0.483602,-2.037049,-0.888793,four
0.225453,2.29532,-1.960487,four
-1.150852,1.32678,2.263493,one
-1.661018,1.430442,0.911691,one
-0.781109,1.977248,-1.109591,three
1.644046,0.717835,-0.855709,four
0.980118,-0.231062,1.928393,one
2.334771,0.830554,0.875741,one
-0.116063,0.43281,-0.652564,two
-1.994353,1.529074,0.221828,four
-0.557085,0.649105,1.018622,four
0.910202,0.62359,0.91307,three
-2.375382,-0.907809,-0.92785,four
-0.160181,0.250861,0.142794,four
-0.45419,0.564602,-1.569918,three
-1.284995,0.922779,-0.223084,four
0.259972,-0.303465,1.157716,two
-2.243673,-0.757851,-0.593395,four
1.738542,-1.15943,-0.63305,zero
-0.762647,0.08359,-0.058581,four
-0.175468,-0.491198,0.368729,four
0.719051,0.253082,0.348687,two
1.503582,-0.095506,-0.070424,one
-0.168198,0.576381,0.800971,two
0.597381,2.18637,0.05864,four
0.781146,0.799166,0.638071,four
0.05794,-1.36656,0.925163,zero
1.072843,1.187049,-0.888175,four
2.276647,0.44692,-1.248524,four
0.065871,-0.365642,-0.689422,one
1.150162,0.960459,2.48365,two
1.050391,-1.362143,0.422371,two
-0.479701,-1.02239,-1.381329,four
-1.069041,0.936392,0.59681,one
-0.693606,1.338983,0.057619,four
1.057138,-1.28457,0.430839,four
-0.310666,0.064759,0.325379,four
0.518414,-0.82337,0.330466,four
-0.467983,-1.363449,1.091894,two
0.813183,-0.76554,-0.632744,four
0.357483,1.461228,-0.245963,four
-0.554734,-1.255098,-0.13138,three
-1.528103,-0.187025,0.756284,one
-1.512189,0.11079,0.00921,four
-0.092,-0.906858,0.124525,one
0.26832,0.377779,0.295133,four
-1.944932,-1.253667,-0.050399,two
0.51138,-1.192297,1.790915,one
-1.388903,-0.023633,0.535686,three
0.206068,-0.393449,-0.374579,four
-0.096248,0.193897,-1.138229,four
-1.963412,-0.935944,1.069088,one
0.989955,0.185044,-1.448693,two
0.9157,-0.441711,0.127293,one
2.180764,-2.478976,-0.404944,one
0.457067,-0.516108,0.321796,four
-0.467103,-1.572706,0.747206,one
-0.30924,0.42168,1.687915,three
-1.10108,0.934738,-0.179916,three
1.242527,-0.175625,-0.825377,three
-0.389907,0.56107,1.053708,one
0.162584,1.533738,-0.348028,four
1.031232,-0.012782,0.517551,zero
-0.86013,0.391599,0.217662,four
-1.717272,0.463289,-0.740927,four
1.591214,0.953031,-1.395682,four
-1.181484,0.038488,-0.185667,four
0.737961,0.894945,1.427412,two
-0.705445,-0.741456,-2.828296,four
-0.908457,0.685739,0.01079,four
-2.132934,-2.149433,0.025278,three
-0.228148,1.027804,2.070691,two
0.777339,1.080041,0.267446,four
-0.387865,1.108958,0.472831,four
0.420021,-0.253184,2.040971,one
0.093325,1.200981,0.662935,four
-2.219618,0.915297,0.490537,four
-0.227399,0.812434,1.790219,two
0.660517,0.458668,0.914913,three
-0.226295,-0.19284,1.319922,two
-0.037552,-2.597723,-0.822126,four
0.13687,0.657699,1.766529,two
-0.001761,0.721987,-0.487361,four
-1.199343,-0.15383,1.26195,three
-0.095076,-0.70526,1.341302,two
0.905635,-0.361636,-0.356398,one
-1.206933,0.086942,0.591895,two
-0.640642,-0.476311,0.980548,two
0.909718,1.248253,-0.898084,two
-1.252556,1.449328,0.942241,two
0.804788,1.710492,0.174101,three
2.170332,0.226152,0.02531,four
-1.37091,0.207569,0.01232,four
-0.846144,1.483163,2.11225,one
-2.419065,-0.229874,-1.305885,three
0.321012,0.395039,-0.503452,one
0.929414,1.496662,0.716958,three
1.582405,0.925641,-0.626301,three
-2.559241,0.346942,-0.502141,four
1.364124,-1.187309,1.029249,one
-0.287684,1.415459,-1.310661,four
-0.204718,0.757709,-2.049773,four
0.113269,0.105169,-1.27384,four
0.440076,-1.498551,0.591307,zero
-0.875435,-0.478098,-0.561956,four
-0.497787,-0.731092,-0.240162,four
0.368059,0.488199,0.019974,three
0.420275,0.355696,0.272945,four
-0.376544,1.586422,-1.786801,four
0.207966,0.441964,0.425206,four
0.71171,-1.38138,1.701858,one
-0.995736,0.498939,0.155399,four
-0.810584,-0.079983,1.765763,three
0.591905,-0.818881,0.993019,zero
-1.990312,-1.550396,-0.720301,two
0.271405,1.24868,1.145538,four
1.501791,-2.359452,1.124284,two
-1.726759,-0.813549,-1.854762,two
-1.248738,-1.996658,-0.474926,two
-1.416339,-0.167267,-0.657525,four
-0.459492,-0.940175,-1.150736,two
0.055434,1.131592,0.446855,three
-0.561063,-0.117821,-0.101317,four
0.270124,-1.237566,-0.416381,four
1.595109,1.047755,0.211797,three
-0.769658,2.250856,0.239406,four
0.778001,1.770928,-0.398776,four
-0.79915,-0.334926,0.30041,zero
1.730333,0.753633,0.787051,four
1.396704,0.783986,0.003723,four
1.413945,-0.641271,-1.328569,four
-0.404743,-0.799376,1.181452,zero
0.027155,-0.339612,-0.207408,four
-0.066523,0.049007,-1.053778,four
0.658484,2.173174,-1.165619,three
-0.707337,0.560007,1.251429,four
-0.561798,-0.0909,0.469063,two
1.106509,0.44765,2.380439,one
-0.903012,-0.448995,0.007125,three
-0.355574,-0.116956,0.251606,two
-0.195597,1.657233,2.158575,two
-0.547297,1.164762,-0.824484,four
-2.180852,-0.705643,1.107859,three
0.829502,-1.407383,0.23529,four
0.87097,-0.744237,-0.207216,two
1.073565,0.618086,-0.884016,four
-0.070453,0.036265,1.871588,three
-1.955602,0.954217,1.212472,two
0.334174,0.198392,-1.454754,four
1.156849,-0.767524,-2.089729,four
0.01036,0.561243,-1.550995,four
0.348906,1.920624,-1.004357,four
0.206807,0.817923,1.475629,two
1.952501,-1.153418,0.873537,two
1.137596,0.460599,-0.269499,three
1.381706,-0.617244,1.271585,four
-0.018862,-0.298684,0.89125,four
1.559624,0.372063,0.765697,two
1.920133,-0.013007,-0.912387,one
2.090736,-0.1788,-0.086643,zero
0.82523,-2.179775,0.073254,zero
1.502187,0.470844,0.167036,four
-2.539319,-0.050758,0.627892,two
-0.356785,-1.039704,0.887466,three
0.64049,1.884307,0.141836,four
1.013444,-0.145741,0.375205,four
-0.681644,-0.919379,-1.124388,four
-0.197247,1.077601,-0.8518,four
0.656909,-0.888527,-0.582031,four
-2.023543,0.048011,1.380317,three
-0.788259,0.476181,-1.82682,four
-0.98133,-0.122465,0.181426,two
-0.902211,-1.499175,-0.466731,three
0.784543,0.653328,-1.20416,four
2.16483,0.617258,-1.507976,four
1.23132,-0.67994,-0.949021,four
2.247672,0.24987,0.195755,four
-0.99792,-0.792624,-1.258399,four
0.389741,0.893375,0.472016,three
-1.525649,0.64929,-0.374537,four
-0.283696,1.758686,1.639964,zero
-0.504514,-0.651885,-2.730149,four
0.45237,0.174446,-0.079677,four
-0.28598,-1.573753,1.282832,zero
1.36395,-0.268219,0.60665,four
-1.269698,2.05373,-0.920596,four
-1.258862,0.797063,0.622695,four
-0.812968,0.483643,-0.07967,four
-0.304043,-0.660639,-0.349021,two
0.292826,-0.407076,-0.457912,two
1.304692,-2.585315,-1.323774,four
-0.782795,-0.642544,0.810929,three
-1.747761,0.326288,0.402076,two
-1.514558,0.42121,-1.100258,four
0.481799,1.465669,-0.433832,four
-0.065965,0.225786,-0.051715,four
0.380585,-1.341154,-0.763986,four
0.131615,-0.718191,-1.077197,four
-0.730028,-0.335244,-1.220568,four
-0.509774,-0.189298,-0.905618,four
-1.237783,1.110825,1.411993,two
-0.603313,0.191369,1.240856,three
-1.014533,-0.370194,1.353562,three
-1.1789,-0.638588,0.44834,three
-0.930025,-0.285471,-1.845706,four
1.220069,-1.480042,1.015925,one
0.772033,1.174993,-2.127019,two
0.617302,2.534716,1.360233,two
0.184068,-0.872297,-0.525594,four
-0.122043,-1.637119,-0.819624,three
-1.3349,1.110176,0.178379,four
-1.055302,-0.372542,-2.775837,three
-0.098375,1.42973,0.558319,four
0.132639,0.230913,-0.61604,four
-0.072398,0.046491,0.503308,three
-1.587803,-0.026116,-1.589162,four
0.23456,-0.186429,1.430954,two
-0.536507,1.112452,0.520369,four
0.603701,-1.360708,-1.022736,four
0.096384,-0.363607,-1.0887,four
0.201612,-0.855279,-0.064291,three
-0.065335,0.200612,1.087341,three
1.312954,-1.286616,0.486705,four
-0.431467,0.375111,-0.013157,four
0.389626,-0.852465,-1.102292,two
1.75083,-1.929251,-1.361403,three
2.135004,-0.306097,-1.986159,four
-1.207992,-1.859788,0.167592,two
-1.953526,-0.740741,-1.098762,four
0.021562,0.815546,1.109112,four
-0.448434,-0.677815,0.454767,two
1.414127,-1.318901,0.954074,one
-1.000894,-0.690878,1.042173,four
1.751534,-0.953883,-0.847699,three
-2.120509,2.171033,0.87814,four
-0.140567,1.372001,1.542763,three
-1.177524,-0.123156,0.86154,two
0.604778,-0.28775,-1.68786,three
-0.599274,0.082203,1.352367,zero
-0.65538,-1.277068,0.772398,two
-0.98685,-0.229108,2.182123,two
1.19501,-1.80716,0.858386,three
-0.226159,-1.341257,-0.596605,four
1.764137,0.320002,1.176861,one
-1.497082,-1.687335,1.586558,zero
0.201806,1.877858,-0.333723,four
-0.137472,0.780583,-1.011536,four
-1.977929,-0.535989,-1.285081,four
0.007945,-0.50911,-0.582056,three
-0.111369,1.62762,-0.153125,four
0.606704,-1.259292,0.103299,zero
-0.452449,0.068878,1.123751,zero
0.514068,0.981412,-1.740681,four
-0.758232,0.609675,-0.050122,four
2.561355,-0.779155,-1.483853,four
-0.199733,1.229698,-0.60118,four
0.543049,-0.993881,-0.088078,four
0.958824,-0.330106,-0.541808,four
-1.3061,0.264582,0.985886,four
0.295135,-0.449823,-0.500619,four
1.047666,2.099439,-0.892715,four
0.956449,0.567734,-0.331073,four
-0.630172,0.168703,0.017893,three
0.716006,1.513047,0.251283,four
0.077861,1.220895,-0.4284,four
1.108597,0.563733,1.695388,two
1.495083,0.074141,0.242784,one
-0.493211,0.453675,0.942424,one
-1.607418,1.004056,0.665985,four
-0.153392,-0.435642,0.922828,two
-0.844825,1.646615,1.152477,four
-0.619225,-0.612684,-1.652488,zero
-3.019461,0.179641,-0.159317,four
-0.768533,0.143648,0.596757,four
0.072374,-0.740414,-0.052462,four
-1.605093,-0.077187,0.987793,one
-0.916551,0.232241,0.3139,four
-0.682142,-0.299785,-0.990947,four
0.823771,-1.58047,-1.875241,four
0.759404,-0.099806,-1.206257,four
-1.443477,-2.222235,-0.888627,four
-0.591948,-0.639759,1.487903,two
0.171331,1.328477,0.33138,four
1.535825,-0.573879,-1.774261,four
0.417592,1.355369,1.189413,three
0.861836,1.095718,-0.410389,three
1.185763,-2.203213,-0.047408,two
-0.346308,-0.815972,-0.026801,two
-1.261223,0.933042,0.957459,three
1.276377,-0.521876,0.156562,four
0.893019,-1.746166,-0.141205,four
0.489533,0.137093,-1.084828,four
1.722245,1.626455,-0.641557,two
-0.883419,0.151372,-1.088098,four
-1.077732,-0.814933,0.296932,two
2.067543,0.211846,-0.146398,two
0.814465,-0.322388,-1.205003,four
2.352799,-0.670775,-0.11485,four
2.246611,-0.181103,0.815252,two
-0.843163,-0.462,-0.439442,four
-0.2181,0.486517,-1.185004,four
-0.188579,1.722214,-1.753963,four
-0.195271,0.570087,1.094582,four
0.030185,1.473702,0.871486,four
-1.388543,-0.241088,-0.142128,one
0.65982,2.441408,-0.47959,four
-0.819026,-0.240327,0.526104,four
0.702718,-2.163593,2.036684,zero
-0.323895,-1.359982,0.099293,four
0.137015,1.481206,0.263746,four
-1.452387,0.020499,1.404216,two
0.019488,1.284262,0.869862,three
-0.759113,2.810685,-0.680162,four
-2.010032,-0.756226,-0.811296,four
2.320184,-0.308626,0.39099,four
-1.148173,-1.244378,0.569285,one
-1.274217,-0.440953,0.088327,four
0.788384,1.634346,0.700463,four
0.544271,-0.179989,-1.521489,three
-2.328961,-0.04328,-0.196417,three
2.384107,-0.538678,-0.130733,four
-0.09347,0.18521,0.56184,four
-0.18108,1.772641,-1.106073,two
-0.874058,0.756413,0.019438,four
0.652381,2.449781,1.606456,four
0.815434,-0.387063,-2.015451,four
0.525544,-1.038902,1.152528,two
1.571716,-0.424206,0.222939,zero
-0.041865,0.192145,-0.530131,four
1.024829,0.1877,0.691489,three
-0.29266,1.859185,0.354216,four
0.022642,-2.508675,1.384278,two
0.733857,1.12254,-1.13811,four
-0.254054,-1.09601,1.12147,two
-0.257168,-0.006531,-0.155405,four
0.129147,0.813516,0.391378,two
-0.266433,0.835377,-0.395844,one
2.162771,-0.967913,0.587978,zero
1.501197,3.137856,-0.928253,four
-0.291288,1.021686,-0.405798,four
-0.465916,0.657018,0.169481,four
-0.736195,-1.30073,-0.721162,four
1.966125,0.189809,-0.620056,two
0.929571,-1.062919,1.484938,two
0.545147,0.97936,0.857556,two
1.14719,-0.472677,0.966015,three
-0.17811,-0.840891,1.098805,one
0.200959,-0.164644,1.799772,two
1.132006,0.714388,1.619188,three
-1.452259,-0.467131,0.296117,four
1.99962,-1.054424,1.056701,four
1.22399,-0.234173,-1.76779,four
2.678197,-0.122532,0.569332,zero
-1.943279,0.821449,0.364505,three
-1.730805,-0.201959,0.23004,four
1.463654,-0.59667,0.983512,three
0.667046,0.006483,1.08701,three
-1.181485,0.289687,1.377712,four
-0.256654,-1.629732,0.036472,four
-0.632099,-0.147486,1.596355,two
1.144586,-0.701228,2.027583,two
-2.417861,-0.310811,0.192139,two
1.457205,0.166481,1.155613,three
2.189075,0.777632,-1.788515,four
-0.389622,-0.419845,-0.857281,four
1.869221,0.11109,0.82853,four
-0.825066,-1.403074,-0.201421,one
-0.439047,-0.256041,0.501077,four
-0.564626,-0.377366,-1.227608,four
-1.312747,-0.548855,-0.389536,two
0.579076,-1.941945,-0.936336,four
0.808782,2.012712,1.555329,one
0.694186,-0.433112,1.652156,three
-0.391676,1.601591,0.701038,four
-0.58605,0.085146,0.453195,one
0.118244,0.526932,-0.826185,four
0.468319,0.260071,-0.410452,one
1.832916,0.922389,-0.8299,four
-0.369511,-0.076157,-0.815658,three
1.556082,-1.791408,1.221672,one
-1.897483,-1.862541,-0.865005,three
1.775281,0.312803,-1.200803,four
-0.026329,-0.367694,1.210386,two
-1.244304,-0.044928,-0.502202,four
1.733562,1.207303,-0.748042,four
-0.950062,0.416846,-0.290807,four
0.474823,-0.650484,0.229811,four
-0.043831,0.531567,0.73212,three
-0.420321,0.778766,0.537217,two
-1.091243,-0.25577,-0.395676,one
-0.58718,0.51944,-0.064077,four
-1.289962,0.687178,-0.462575,four
1.791411,0.019951,-0.626267,four
0.195876,-2.33355,0.337097,one
0.781513,0.688314,0.244089,one
0.488715,-0.668391,-0.803009,four
0.659826,-0.731062,0.078652,four
1.195871,0.347243,0.909765,zero
0.16475,-1.286847,-1.643956,four
2.142516,-0.790706,-1.967891,four
0.522183,-0.467962,0.408887,four
0.307735,-0.463968,1.050639,zero
1.553879,-1.377354,1.133767,one
-0.132239,0.114436,1.334623,two
-1.066903,-0.884564,0.723894,two
-0.147796,-1.603292,-0.815708,four
1.213104,1.024799,-0.385316,four
-1.727277,-0.899033,1.200947,two
-0.331147,0.510442,0.539752,four
-0.214802,-2.356051,0.525182,two
-1.03937,-0.74153,-0.374213,four
-0.530693,0.109711,0.930777,two
-0.413039,0.604707,2.424781,one
1.16592,0.114424,-0.601434,three
0.920395,-0.900493,1.515288,two
1.154094,-0.24935,0.317758,one
0.039144,-0.028127,-0.027276,four
-1.068876,1.130029,-0.960746,four
