-0.451Age+0.415Tutoring-0.365Gender-0.339Volunteering-0.31Music...,-0.482ParentalSupport-0.478StudyTimeWeekly-0.368Tutoring+0.305ParentalEducation+0.295Volunteering...,-0.643Absences-0.471Sports-0.327StudyTimeWeekly-0.299ParentalEducation-0.246Gender...,GradeClass
-0.587987,-2.406041,-0.253998,2
0.020961,-1.036087,1.683889,1
0.149228,1.507501,-0.707481,4
-0.960833,0.03954,-0.16298,3
-0.116187,-1.029419,-0.038912,4
0.256148,0.055997,2.462244,1
1.400692,-0.479722,-0.682478,2
0.784543,0.653328,-1.20416,4
0.13687,0.657699,1.766529,2
0.05794,-1.36656,0.925163,0
0.442294,-0.26951,0.968472,3
-0.707337,0.560007,1.251429,4
0.258129,-0.18566,0.358706,4
0.127127,-0.512418,-1.583198,4
0.00481,-1.856431,0.715613,3
2.703986,0.874202,-0.613791,4
0.368059,0.488199,0.019974,3
0.257543,-1.357954,0.926569,4
-1.36874,1.090294,-0.499789,4
-0.551719,-0.959529,0.801896,3
-1.955602,0.954217,1.212472,2
1.375228,0.977917,-0.405839,4
1.342777,-1.388171,-1.002727,4
-1.784837,0.188067,-1.312817,4
-0.908841,-0.599223,0.377234,4
-1.978515,-0.529806,0.121197,2
1.239395,-0.094274,0.489193,2
-1.774656,0.00411,0.060003,3
0.343117,-1.773597,1.113357,2
-0.370295,0.325354,0.625244,4
2.325761,1.33291,-0.033141,4
-0.874058,0.756413,0.019438,4
0.125329,1.232773,-1.387614,4
1.057773,2.066038,-1.335663,4
1.981573,0.850057,-1.471815,4
0.767529,1.41547,0.269193,4
0.954472,-0.413974,0.394782,4
2.5399,0.363898,-0.855362,4
2.096243,0.83026,0.834803,1
0.962149,-0.776471,-1.214505,4
-0.071943,-0.340622,-0.703749,4
0.255148,-0.993334,0.990728,2
-0.225741,-2.276157,-0.805032,2
-0.165663,-1.196683,-0.819167,2
0.82523,-2.179775,0.073254,0
-1.715314,-1.27794,0.804386,2
-0.228148,1.027804,2.070691,2
-0.09347,0.18521,0.56184,4
-0.670111,-1.195487,-0.7746,3
-0.185298,-1.440632,-0.523351,3
-1.244386,-1.37671,-0.02519,2
0.453329,-0.105812,1.329736,4
-1.504601,-2.361261,-1.427728,4
0.368852,0.595862,-0.223715,4
2.392174,0.51349,-0.124362,4
0.546347,0.094439,-0.999036,4
-1.978807,1.121859,-1.785031,4
0.361923,1.193037,-1.330147,4
1.547774,-1.090241,0.214601,2
0.675239,0.05086,-1.577854,4
-0.708136,0.224462,0.757496,4
-0.462197,-1.446737,0.195202,3
0.779392,0.351318,-1.218975,3
1.654287,0.403926,0.045366,3
0.475161,-2.61433,0.697794,1
1.571049,-1.77783,1.048844,1
-0.629815,1.08075,-1.509722,4
1.441172,1.393398,-1.798801,4
-1.710973,-1.29316,-0.658037,4
-1.718464,-0.903756,1.055115,1
0.506657,0.158885,1.061325,2
-1.977929,-0.535989,-1.285081,4
1.760212,1.430991,0.684885,2
0.964962,-1.194468,0.526036,1
-0.859434,-0.412158,-0.979028,3
0.617037,-0.253674,-1.846655,4
-0.760879,-0.668952,1.461859,2
0.544271,-0.179989,-1.521489,3
-0.004096,-0.081451,0.482588,4
-0.799147,-0.403942,-1.862973,4
0.500348,1.251594,0.84826,3
-1.525649,0.64929,-0.374537,4
1.534977,1.180252,-0.095973,2
0.391513,0.495275,-0.247253,4
-0.071852,0.559502,-0.451552,3
-1.595646,0.456084,-0.916829,4
-0.310666,0.064759,0.325379,4
0.121499,1.402188,-0.039665,4
-0.121487,-0.003622,0.234744,4
-1.478762,1.052582,1.586914,3
-1.345621,1.587298,0.75499,4
-0.316797,0.281041,0.535564,0
0.982928,-1.439987,1.291805,0
1.242527,-0.175625,-0.825377,3
0.98504,1.051162,0.575164,2
-1.920375,0.313625,-1.873342,4
-1.283079,-1.379498,-1.725927,4
0.043115,0.667155,0.707072,2
-1.304104,1.706356,-0.126342,4
1.185832,-0.443407,-0.657856,4
0.357483,1.461228,-0.245963,4
-2.405168,1.282822,1.074102,2
1.40376,0.189761,-1.50295,4
0.429665,-0.933784,-1.495412,4
0.288743,-0.350005,-0.606907,4
-2.030354,1.369726,-0.640964,3
-0.090482,2.854519,1.751231,4
0.295135,-0.449823,-0.500619,4
0.989034,0.500678,-1.359086,4
0.455419,-2.013455,0.608066,2
0.361748,-2.139784,1.429406,1
-1.006415,-2.524886,1.158274,0
-0.850417,-1.865901,0.693939,1
1.716584,-0.965911,-1.095179,4
1.19501,-1.80716,0.858386,3
-2.120509,2.171033,0.87814,4
-0.386323,0.266312,0.180796,4
-1.057804,-0.719991,-0.662313,4
-0.433262,0.02028,-1.380652,4
-0.599274,0.082203,1.352367,0
0.494127,0.862186,-0.167387,3
1.099127,-0.44125,-0.46047,2
-0.411976,1.06583,-0.455665,4
-1.148173,-1.244378,0.569285,1
1.033603,-0.006937,1.88172,1
-1.270061,-0.797026,0.163509,2
-0.83102,0.446827,0.96679,0
2.264206,-0.214515,-0.756793,2
1.34815,0.987659,0.724619,3
-0.037552,-2.597723,-0.822126,4
-0.645362,-1.087323,0.435981,3
-0.58605,0.085146,0.453195,1
2.316979,-0.913721,-0.028406,0
0.65576,1.266386,1.999902,3
1.220069,-1.480042,1.015925,1
0.910202,0.62359,0.91307,3
-0.192108,0.988039,-1.407108,3
-0.719222,2.70377,0.872534,4
-0.945524,0.403594,1.136483,2
0.255803,-1.383268,-1.453943,3
-0.630194,-0.579849,2.265724,1
2.660977,0.754632,-1.097354,4
-0.736195,-1.30073,-0.721162,4
-0.806119,-1.062333,0.174717,3
1.024829,0.1877,0.691489,3
-0.98133,-0.122465,0.181426,2
-0.869707,0.092143,1.800312,0
0.437716,-0.686861,-0.532669,3
0.176222,4.053331,-0.543979,4
-0.748703,0.151193,1.683281,2
-0.420321,0.778766,0.537217,2
0.818416,-1.580841,-1.610519,4
-1.309004,1.572395,-0.239801,4
0.010921,-0.097391,-0.360099,4
0.204155,0.830501,1.347861,1
1.819444,-0.507074,-1.245655,2
-0.979518,0.760558,-1.858993,4
0.30657,-0.155576,0.909612,2
-0.239027,0.994424,-1.445452,4
-1.3061,0.264582,0.985886,4
-0.413039,0.604707,2.424781,1
-0.027322,0.033247,-1.033919,4
-1.497082,-1.687335,1.586558,0
-1.54065,-0.436572,0.611197,2
0.469683,-0.838296,-0.324412,3
1.072843,1.187049,-0.888175,4
1.037994,-1.015564,-0.55815,2
-0.093573,-1.333715,-0.431647,3
-0.956813,-0.110244,0.052986,3
-0.046533,1.060745,-1.448353,4
-0.684067,-0.239088,-1.792173,4
0.185223,1.859272,0.276845,4
0.273325,-2.200318,-0.060096,3
-0.459492,-0.940175,-1.150736,2
0.521867,-0.313394,0.647494,4
-0.291288,1.021686,-0.405798,4
-1.320075,-0.740488,0.319267,2
0.308096,-0.671771,-0.057684,4
0.493867,0.605154,1.70076,2
-1.32369,0.22513,1.691181,1
1.517532,-1.9746,0.323102,1
0.501205,-1.045391,-0.044422,4
0.615726,1.976624,-0.130255,3
0.612042,-1.698328,-1.012152,1
-0.508214,0.127321,-0.005852,2
1.680211,-0.045099,-0.331911,4
-0.632472,-0.853873,0.556055,2
-0.679996,0.263243,0.135198,2
0.616072,1.710338,-1.125921,4
0.768718,-0.636874,-0.168312,4
-1.555391,0.333422,0.517646,4
-0.060826,-1.702086,-0.135134,3
1.116982,0.954937,1.60173,3
-0.554734,-1.255098,-0.13138,3
0.471697,-1.479217,0.907804,2
0.940959,-0.06881,-1.47502,4
-1.572769,2.607787,1.743156,1
-1.015593,-0.665801,-0.402017,4
-0.327505,1.100662,-0.416802,4
-1.277408,1.236784,-0.806934,4
-0.762647,0.08359,-0.058581,4
-0.841633,-0.0744,0.215487,4
-0.553532,0.315557,0.307258,2
-0.067965,1.437611,0.664183,3
0.059218,0.720853,0.771108,4
1.182135,-0.878809,0.58928,3
0.530749,-0.236787,-0.974616,4
-0.065965,0.225786,-0.051715,4
0.040273,-0.043288,-0.513392,4
0.25003,0.890111,0.691492,4
-1.412479,-0.610059,1.512701,2
-1.717272,0.463289,-0.740927,4
1.0517,0.098411,1.991719,1
0.98288,-1.062264,0.864406,4
-1.259925,-0.759198,-0.467346,3
2.135146,1.518387,0.252508,4
0.170987,-1.250357,-0.575419,4
-0.09613,0.93026,0.715064,2
-1.095028,-0.805985,-0.525403,4
-0.758267,-0.240834,0.355442,4
-1.269698,2.05373,-0.920596,4
-0.682044,-0.198401,-0.403118,3
-1.302531,-1.094297,-0.913229,4
-1.794028,-0.482079,0.689337,2
0.575423,1.898666,0.51438,4
-0.203235,-0.166344,0.081467,4
0.79219,0.131974,0.002661,4
0.857934,0.524648,-1.717317,4
1.69599,0.691575,0.861625,4
0.781513,0.688314,0.244089,1
0.014918,-0.440861,-0.901965,4
-1.167606,-1.136428,-1.1841,4
-0.725219,1.16091,0.345734,4
-1.593603,0.495682,-0.382043,4
-0.162458,0.901875,-0.652081,4
-0.672561,0.990747,-0.099998,2
-1.486597,-0.716134,0.802614,2
0.603701,-1.360708,-1.022736,4
0.145321,-0.054346,-0.786656,4
-1.004377,0.357324,0.485872,4
1.495083,0.074141,0.242784,1
0.494681,1.994745,-0.020624,4
-0.687332,0.220727,0.599872,2
1.409342,-1.5991,0.315921,3
-0.254749,1.0845,1.016294,4
-0.053502,-0.882479,-1.69123,3
-0.160181,0.250861,0.142794,4
0.048797,1.061387,-0.321844,4
1.454952,1.023561,-1.585664,4
-1.466057,-0.22937,0.885205,2
0.742298,0.709569,-0.452684,4
1.132994,0.706915,1.614072,3
0.933003,-0.80549,1.744802,2
-1.000303,0.743129,0.624546,1
0.83265,0.897799,-0.031188,4
-1.535712,0.63346,0.986147,3
0.51138,-1.192297,1.790915,1
0.292826,-0.407076,-0.457912,2
0.171331,1.328477,0.33138,4
0.149954,-0.721949,1.153275,1
0.417592,1.355369,1.189413,3
1.730333,0.753633,0.787051,4
0.465571,2.677922,-0.138833,4
-1.404511,0.665506,0.252394,4
0.027155,-0.339612,-0.207408,4
-0.08762,-0.518627,0.521017,3
-0.364204,-0.244985,0.164834,4
-1.718333,-0.512531,-1.702362,4
-1.196264,1.449462,-0.021497,4
1.160558,-1.296384,-1.247527,4
-0.557606,-0.595909,-0.451152,4
-1.788975,0.464526,1.158697,4
-1.702359,-1.630935,-0.259261,3
-1.354311,0.375728,1.426214,4
1.116628,-0.325078,0.023495,3
-1.691287,0.532346,1.560523,2
1.501197,3.137856,-0.928253,4
0.857073,-0.74218,-1.196324,4
1.579144,-1.090304,-0.047877,3
-0.147796,-1.603292,-0.815708,4
-2.738012,-0.440271,-0.523278,4
0.022642,-2.508675,1.384278,2
-0.61848,2.026751,1.260879,4
1.238276,-0.636224,1.916428,3
0.905635,-0.361636,-0.356398,1
0.039144,-0.028127,-0.027276,4
1.925065,-0.841934,0.154035,4
0.777339,1.080041,0.267446,4
0.979998,0.750598,1.504329,2
-0.036656,-0.402295,1.980938,3
-0.080626,-1.205947,-3.13438,4
-0.068427,-0.714917,0.010261,4
-1.181343,-1.464903,-0.06813,1
0.923071,0.718519,2.286615,2
-0.028047,-1.586359,0.510363,1
-2.397995,-0.697973,-0.739928,4
2.180764,-2.478976,-0.404944,1
0.213569,-1.938376,0.392396,4
0.905652,-0.104337,-1.453677,2
0.779982,-1.024675,1.157259,4
0.555059,-0.095279,-0.992802,4
0.582321,2.185415,1.330931,4
-1.132766,-0.617159,-0.845806,4
-0.323895,-1.359982,0.099293,4
-0.747061,0.191384,-0.522008,1
1.294971,-0.088165,1.239193,3
-1.287644,-1.751549,0.396037,3
-0.79915,-0.334926,0.30041,0
-0.358102,1.312647,-0.0627,4
0.771429,0.016692,-1.840862,4
-0.237446,-0.333736,0.368421,4
-1.700416,-0.59836,0.649963,1
-1.514558,0.42121,-1.100258,4
-0.268693,0.134304,-0.765396,4
1.559624,0.372063,0.765697,2
1.341147,-0.441747,0.004032,4
-1.134783,-0.610715,-1.162026,4
1.000044,-0.977941,0.82497,1
-1.990312,-1.550396,-0.720301,2
0.188329,0.030419,1.239013,3
-0.537785,0.526504,2.208914,2
0.310391,-1.208323,-0.053189,2
0.814465,-0.322388,-1.205003,4
0.929571,-1.062919,1.484938,2
1.178614,-0.19498,-0.348577,2
-0.798394,0.01726,-1.208612,4
-0.559156,1.336431,-1.215487,4
-0.450516,-0.593267,-0.065385,4
-1.042244,0.573515,-0.460217,4
0.486588,0.300019,-0.310923,3
0.136689,0.556618,-0.066879,1
1.137596,0.460599,-0.269499,3
-0.11231,0.01861,1.563093,2
-0.882846,0.551696,-2.263342,4
-0.346308,-0.815972,-0.026801,2
-0.286523,-2.164802,0.762929,1
1.196261,1.017663,2.285363,2
0.196682,1.175884,-0.236703,4
-0.338471,-1.51048,0.98297,3
-2.375382,-0.907809,-0.92785,4
-0.591204,1.395632,-0.088043,4
-1.95671,0.79305,0.387589,4
-2.043855,-1.329766,-0.2972,2
-0.442698,0.682086,0.042321,4
-1.361171,0.365091,1.170633,4
-1.435982,-0.406656,-0.411407,4
-1.183588,0.291082,-0.921662,2
-1.833704,-1.351738,0.328929,1
-0.826285,-1.396969,0.856044,4
-0.21343,-1.335045,1.143867,2
-1.414522,0.691356,-0.386466,4
0.612633,-1.210303,1.036448,2
1.212652,0.291773,0.004535,2
-0.291686,-2.062363,1.684068,1
-0.830249,0.208144,-0.035407,4
0.447362,-0.09086,0.882566,3
0.872446,-0.01237,0.293056,1
-0.825066,-1.403074,-0.201421,1
-0.734675,-0.94553,-0.201713,1
-0.175468,-0.491198,0.368729,4
-0.43845,-1.17212,-0.064215,3
-0.766216,2.299377,0.98115,3
0.919294,0.939782,-1.00412,4
-0.314815,-1.735145,0.797308,0
-0.768533,0.143648,0.596757,4
-1.221495,1.206319,0.1159,4
-0.009162,0.349458,0.691425,3
2.561355,-0.779155,-1.483853,4
-0.029742,0.312344,-0.207757,4
-0.093208,0.524487,2.194281,3
-0.669432,-0.945458,-0.916151,4
-0.94619,-0.407183,0.234702,4
1.072387,-0.084333,0.976423,3
-2.727959,-0.307441,0.230435,3
1.23132,-0.67994,-0.949021,4
1.203562,-0.56877,1.958699,3
-0.299372,-0.986204,-1.031599,2
1.627622,0.436647,2.32909,2
-0.318033,-1.293545,0.397189,3
1.741068,-0.477211,0.923598,2
-1.252556,1.449328,0.942241,2
-0.429732,1.590834,-0.882196,4
-1.692725,0.289524,1.758546,2
0.227448,-0.99532,-0.911208,4
2.539533,-0.209062,0.487771,4
-0.65538,-1.277068,0.772398,2
-0.591948,-0.639759,1.487903,2
-1.207992,-1.859788,0.167592,2
1.36395,-0.268219,0.60665,4
-0.389772,-0.063422,0.366105,4
-0.81586,-1.567574,-0.158695,3
-1.237783,1.110825,1.411993,2
-0.245409,-0.273858,-0.892658,4
0.5076,1.13135,0.15723,4
-1.003726,0.863527,-0.805266,4
-1.668873,-0.695305,-0.914408,4
-1.389786,0.101006,0.300398,4
-1.312747,-0.548855,-0.389536,2
-1.181485,0.289687,1.377712,4
0.664451,1.752904,-0.053168,1
-1.716369,-0.084944,0.782564,3
-0.829809,0.407745,0.959002,1
-0.158042,-0.708772,-2.716429,4
0.2472,-0.301637,-0.684181,4
0.008219,0.359479,-2.014042,4
-0.607191,0.545204,-0.242355,4
-0.042537,0.232617,2.010473,2
-0.598923,-0.08454,0.862396,3
-1.214956,-0.16198,1.013181,1
-0.45419,0.564602,-1.569918,3
-0.521359,-0.326965,-0.500739,3
-1.32886,0.003192,-1.06464,4
1.516748,0.471389,-0.773058,4
0.600799,0.17388,1.235098,4
0.779761,1.321959,-0.648342,4
2.16483,0.617258,-1.507976,4
2.333651,-0.664244,0.511801,4
0.052927,-0.187347,-1.208787,4
0.589003,1.484607,0.870752,3
0.246297,-0.932972,0.55631,1
1.122725,1.023357,-1.348026,4
-0.90582,0.391269,-0.453252,4
-0.952496,-1.125246,-0.686501,1
-1.468926,-2.042563,0.750579,0
-1.244304,-0.044928,-0.502202,4
0.221607,1.60122,0.851913,4
0.749292,-0.364003,0.308433,2
-1.698755,-0.605567,-0.065484,4
0.789072,1.282927,-0.362659,3
-0.488713,-0.969094,1.285027,1
1.595109,1.047755,0.211797,3
-0.072398,0.046491,0.503308,3
0.378936,1.220291,-0.84396,4
-1.838225,-0.044104,-1.512963,4
0.137568,-0.442978,1.736047,2
0.991114,0.708926,-0.406858,4
1.462587,-1.150017,2.135805,1
0.688824,-0.307312,-0.130422,4
0.168206,0.485511,-1.272054,4
-1.162932,-0.487105,1.12376,2
1.106509,0.44765,2.380439,1
-0.091237,0.490794,2.766224,2
-0.472673,-0.297825,-0.164163,0
-1.224432,0.456497,-0.801334,3
-0.450583,-2.504166,0.418063,1
0.311442,-0.356624,-2.11071,4
-1.042774,1.186802,-0.770601,4
-0.60406,0.501231,0.378916,1
0.991766,-0.877593,0.489087,3
0.26832,0.377779,0.295133,4
-0.113515,1.190335,-1.314783,4
0.810236,0.419838,2.001022,2
-0.705445,-0.741456,-2.828296,4
-1.286053,0.184724,0.401959,2
-0.404743,-0.799376,1.181452,0
0.006894,1.986227,-0.412978,4
0.292976,0.215516,-0.656019,1
-1.10444,-1.466654,-0.177346,2
-0.398686,0.355176,0.341042,4
0.262149,0.011447,0.317453,1
1.679401,2.204856,-0.086249,4
-1.35609,0.905899,0.283086,3
-0.455433,0.887814,0.169955,4
0.593,1.254492,0.127769,2
-1.610428,-0.076803,-0.499864,4
0.872805,1.02503,0.015849,3
-0.53802,-1.386818,0.356252,4
0.055434,1.131592,0.446855,3
1.342959,0.478383,-0.252174,4
-0.254054,-1.09601,1.12147,2
-0.206015,1.912175,0.25491,1
0.342151,1.311035,-0.463751,4
0.172504,-1.418516,1.558157,1
1.080767,-0.825086,-0.118219,2
-0.589386,1.573937,-0.101681,4
-1.494097,0.305209,0.375372,1
1.502187,0.470844,0.167036,4
-1.677589,-0.050153,1.150666,2
-0.444548,-0.661095,-0.376562,2
-0.843786,-1.128858,1.178085,2
-0.719666,-1.058186,-1.720244,2
-0.681644,-0.919379,-1.124388,4
-0.013374,-0.070597,0.381316,2
-1.483003,-1.361225,-1.306698,4
0.0814,2.405736,-0.87741,4
-0.085643,-1.981537,-0.816106,4
1.383369,-1.157726,0.73878,3
-1.816349,-0.032766,0.781924,4
0.539374,2.33134,-0.135988,4
0.791162,1.615388,-0.277811,4
1.015839,-0.417571,0.553372,4
1.697552,-0.190122,-0.934117,3
0.879084,-0.709739,-1.776318,3
1.974242,0.597679,-0.915406,4
0.120427,0.910998,-0.171566,3
-0.483602,-2.037049,-0.888793,4
-0.987267,0.136593,-2.038046,3
-0.632099,-0.147486,1.596355,2
0.767691,-0.804151,0.175014,3
-0.958861,-0.421483,1.058401,1
-0.785381,0.064109,-0.984986,4
1.479531,0.082146,-1.138477,3
0.130976,1.48201,0.962068,2
0.077861,1.220895,-0.4284,4
0.522514,-3.064688,1.220171,0
2.257454,-0.343885,0.043168,1
0.525544,-1.038902,1.152528,2
-0.257168,-0.006531,-0.155405,4
0.453493,-0.700755,0.858706,4
1.792342,-1.089864,0.325227,0
1.644046,0.717835,-0.855709,4
-1.067603,0.688949,0.981094,4
-1.476454,1.512438,2.151831,1
0.861567,-0.464239,-0.723028,3
-0.10531,1.574687,-1.188713,4
1.501791,-2.359452,1.124284,2
-1.51848,-0.250526,-1.647731,4
1.807319,-1.871069,0.920452,2
-1.258425,-1.616898,-0.946247,4
0.08584,0.055139,-0.181791,3
-0.788259,0.476181,-1.82682,4
-1.072045,-0.344869,-0.110891,3
1.435032,0.053058,0.367759,4
1.57732,-0.47068,0.390889,2
-0.108769,-0.178042,-1.076435,4
-1.08332,0.651817,-0.704739,3
0.081342,-0.553251,-2.102813,4
-0.300999,0.477152,0.162966,0
-0.29266,1.859185,0.354216,4
-0.857578,-0.131854,-0.621406,4
2.371266,0.734836,-0.078301,3
-0.431467,0.375111,-0.013157,4
-0.431146,-0.450914,-0.539766,4
-2.14841,1.177364,-3.030392,4
-0.747347,0.461966,0.678659,4
-0.204718,0.757709,-2.049773,4
-1.872784,-0.274472,1.047083,3
-1.307848,-0.965387,0.49566,3
0.003527,1.525132,-0.185404,4
-1.213501,-0.51007,-2.048208,4
0.832426,0.301534,1.231259,4
1.314567,0.670115,-0.715582,3
1.213733,-1.407311,1.953803,1
1.653239,-1.898122,0.239123,3
1.289378,-0.134582,-1.30611,4
-1.480389,-1.768665,-0.416786,3
0.947956,1.780301,2.188813,3
0.316664,0.07459,-0.709883,4
0.444606,-1.134814,0.432828,3
1.502814,-0.41424,1.158012,1
1.181184,2.777802,0.117249,3
-0.620309,0.191761,-0.798098,3
1.006952,0.326037,-2.018245,4
-1.610098,-1.666451,0.357121,2
1.999988,0.480597,-0.147425,1
-0.637517,1.501348,1.699023,2
-1.349711,1.260174,-0.337299,4
-1.015433,-0.307493,0.352834,0
0.865695,-0.274985,0.904731,2
-0.17811,-0.840891,1.098805,1
-1.502177,-0.32225,-2.687828,4
-1.953526,-0.740741,-1.098762,4
-0.580813,-2.146856,-1.195094,4
-0.435829,0.702728,1.811635,3
-0.640642,-0.476311,0.980548,2
0.752239,-0.604878,1.585906,1
1.227992,-1.547951,0.309446,2
-1.261223,0.933042,0.957459,3
0.785598,-1.648358,-0.015179,1
0.116305,-0.086747,1.041729,3
0.819869,0.679832,-0.291901,2
-1.38173,-0.936588,-0.455666,3
-0.448434,-0.677815,0.454767,2
0.365418,-0.330315,-0.1246,3
0.368248,0.4217,-0.227923,4
1.000101,1.402504,-0.124522,4
1.83725,1.768361,1.079874,4
1.000242,0.575569,0.308949,4
0.48582,-0.377998,-0.076044,4
-0.569615,-1.139283,0.087498,1
0.68719,1.236171,-1.026041,4
-1.069041,0.936392,0.59681,1
-0.257951,0.974905,-1.128952,4
0.760137,0.646009,1.265621,4
-0.99792,-0.792624,-1.258399,4
0.207966,0.441964,0.425206,4
1.298381,-0.411161,-0.206508,4
0.683172,0.172221,-1.282996,4
-1.373307,0.05821,1.094574,3
-0.223682,-0.816901,0.524989,0
0.641664,1.444107,-0.124033,4
-0.660116,0.127962,1.693849,3
-0.800445,1.626967,-1.791608,4
-1.465663,-1.338033,-0.349061,4
-1.206933,0.086942,0.591895,2
-1.453223,-0.870358,1.844808,1
-1.452387,0.020499,1.404216,2
-0.603044,1.229012,0.603825,4
-0.591646,0.075441,1.533745,3
-0.057538,-0.807738,0.698773,4
0.957429,1.697478,-0.095574,3
-0.462428,-1.157682,-0.285338,4
-0.967622,-1.13599,-0.313082,3
-0.953668,1.315006,-0.1699,4
-0.224692,-0.274167,0.068753,4
-0.7093,2.30162,-0.268714,4
-0.443082,-1.437362,0.384549,2
-1.588549,0.684626,-0.619094,3
-0.587716,-1.525288,-1.350143,4
-2.219618,0.915297,0.490537,4
0.567263,1.618046,-0.634117,4
0.873029,-1.842887,0.155719,2
0.391999,0.776316,2.184364,4
0.788384,1.634346,0.700463,4
-0.888929,-1.010697,-0.539545,3
1.137047,0.147554,-1.316155,4
-0.832344,1.282212,-1.67517,4
-0.620424,0.88104,-0.22677,4
-2.133549,-0.231786,-1.071111,3
-0.445076,0.387784,0.634414,4
1.110626,-0.051825,-0.311263,3
-0.310627,1.487754,0.828445,4
-2.189189,0.82354,-1.25931,4
-0.744786,-0.241244,-1.238667,4
-0.195597,1.657233,2.158575,2
0.705934,1.993601,-0.835703,4
1.167838,0.5305,-2.467809,4
0.081024,-0.327613,1.08172,3
-0.688643,0.72083,0.654892,4
-0.465916,0.657018,0.169481,4
1.553879,-1.377354,1.133767,1
-0.83858,-1.574921,0.346759,2
0.992963,0.381933,0.817729,4
1.396704,0.783986,0.003723,4
1.539842,0.573137,-0.464161,4
-0.782795,-0.642544,0.810929,3
1.869221,0.11109,0.82853,4
-0.597858,1.208909,0.537191,4
-0.412033,1.497835,-1.397125,4
-0.576315,-0.309785,-0.354966,2
-0.151334,1.415037,1.854281,2
0.774255,-0.855339,-2.326352,4
0.619254,0.595636,-2.103235,4
2.320184,-0.308626,0.39099,4
-0.924143,0.140496,0.406416,4
-0.914759,0.793757,-0.173921,3
-0.314508,1.136502,-0.459448,4
1.276377,-0.521876,0.156562,4
-1.003824,0.011679,-0.230286,4
0.48605,-0.215318,-0.642211,4
1.544554,-1.603498,-1.097049,3
0.021562,0.815546,1.109112,4
-1.404974,-0.620723,0.662625,2
0.019488,1.284262,0.869862,3
1.584157,0.002613,1.076099,4
-0.095232,-0.191953,-1.725864,4
0.057572,0.598507,0.209487,4
0.371479,-2.245445,-1.092658,4
0.333249,-1.328494,0.625206,2
0.114305,1.775563,-0.906541,3
0.131615,-0.718191,-1.077197,4
1.14719,-0.472677,0.966015,3
0.652381,2.449781,1.606456,4
0.367713,0.455829,-0.836344,4
1.062555,1.572405,-1.547914,4
0.111668,-0.499673,-0.025553,3
2.247672,0.24987,0.195755,4
-2.143527,0.36246,0.862702,4
1.15637,-0.253376,-0.977833,2
0.754364,0.311909,-1.187247,4
0.269327,0.182005,-0.465241,4
0.575006,0.429318,-0.248806,3
0.825299,-0.292953,2.064881,1
1.047666,2.099439,-0.892715,4
0.310247,2.561128,-1.017115,4
-1.252756,2.013731,-2.309138,4
-1.231558,-0.408019,-1.323587,4
-0.434423,-1.906044,1.378245,1
0.375547,0.910369,0.237483,4
0.012254,0.742893,-1.700943,4
-0.86214,0.458032,2.725755,2
-0.436908,1.111412,0.889293,4
0.463733,0.456942,2.365995,0
-0.518871,-0.456597,-0.618346,2
0.733857,1.12254,-1.13811,4
-0.999258,0.952712,2.191139,3
1.824867,1.3538,1.86394,4
0.743777,0.136433,1.488047,2
0.101738,-0.595988,2.79714,1
1.791208,-1.04701,-0.386152,0
-0.766457,0.69419,1.036534,4
0.522027,1.057379,0.219402,4
-0.287684,1.415459,-1.310661,4
-0.162686,1.61063,0.92162,4
0.78886,-1.038634,-0.317526,3
-0.274937,0.645086,-1.015384,4
-0.930025,-0.285471,-1.845706,4
0.521161,-0.814529,-2.246981,4
0.517457,-0.997973,0.045926,3
-1.726759,-0.813549,-1.854762,2
0.144242,-0.813523,0.612719,2
-1.402971,1.797114,0.031277,4
-0.517981,0.237911,0.981559,2
-0.402072,1.60855,-0.171603,4
0.846642,0.413149,-1.054123,4
0.929414,1.496662,0.716958,3
-0.98993,-1.047433,-0.959879,4
-0.003876,-0.370947,-0.278079,4
-0.687392,0.043431,0.128292,4
0.615758,-0.025961,-0.692963,4
-0.455172,0.588002,1.012041,3
0.01036,0.561243,-1.550995,4
0.273345,0.14769,-1.725159,4
-0.970735,-0.350253,0.171193,3
0.55403,0.987164,-0.765007,4
-1.53673,-1.270306,-0.737617,4
0.091469,-0.347085,1.805137,0
-0.274582,-0.774117,-0.477825,4
-0.254728,-0.830438,1.977048,1
0.366814,0.649981,0.328035,4
-0.049929,-0.90952,-1.70974,3
-0.557339,-0.889815,1.21467,1
-0.992103,0.520997,-0.336136,4
0.68115,0.810052,-0.301502,2
0.655348,-0.084579,-0.902692,4
1.05511,2.157635,-1.509627,4
-0.005399,0.769787,0.679979,4
-1.209251,-0.952411,-0.87279,3
0.252085,2.940313,-1.48008,4
-0.70345,-1.975157,-0.735766,4
-0.132105,-0.079588,-0.139475,2
1.53897,0.514575,-2.116206,4
0.213023,2.875723,-0.874832,4
-3.019461,0.179641,-0.159317,4
1.050391,-1.362143,0.422371,2
-1.088342,-0.194843,-1.633867,4
-2.539319,-0.050758,0.627892,2
0.13528,0.752718,-0.638859,4
-1.279953,2.134065,0.125408,4
-0.67349,0.419453,1.620202,3
-0.513461,-1.72351,0.02252,2
1.517743,0.786885,0.141449,4
0.57928,-0.099761,0.298699,4
1.552449,0.717704,1.335535,4
-0.571478,-0.300724,-1.715153,3
-0.007598,-0.055861,0.023256,4
-0.363864,2.040813,-0.487567,4
-0.090348,-0.391948,1.738018,2
-0.064864,0.593308,-0.706352,2
0.677413,-0.371245,1.586916,2
0.285386,-0.987166,-1.498145,4
1.315153,0.102402,1.044608,3
-0.193316,-1.159138,-1.058842,4
0.602496,1.115542,-0.687358,4
0.393188,0.604953,-1.729577,4
0.438696,0.068228,0.268623,4
1.751534,-0.953883,-0.847699,3
-1.066291,0.738534,1.686028,2
0.296719,0.834448,1.386921,1
-0.06531,0.188034,-0.683565,4
-0.121358,-1.180633,-1.062124,3
1.758028,-0.038796,0.698709,3
1.494241,0.299542,-0.692141,4
2.328182,-0.865033,0.298539,3
0.197078,1.066312,0.758252,3
2.006002,-0.72178,0.068773,3
-0.096248,0.193897,-1.138229,4
0.737961,0.894945,1.427412,2
-1.51189,-0.033156,-0.158525,4
2.566571,1.216449,0.62216,2
0.932189,-0.228018,0.222362,2
0.786841,0.183594,0.837587,3
1.417323,-1.612123,0.650484,2
-0.547033,-0.286963,0.450648,4
-1.280737,-1.486822,0.254663,1
2.334771,0.830554,0.875741,1
-0.181155,-0.300502,0.167279,1
-0.439507,1.0607,0.066642,4
1.110446,-1.068323,0.154336,4
0.996867,0.989617,0.706007,4
-0.003049,-0.325767,-2.101917,3
0.541262,-2.958561,0.929687,1
-1.140467,0.144885,0.198673,4
-2.57755,0.30503,0.357688,4
-1.177038,-1.375789,-0.613449,2
-1.093852,0.925512,-1.580446,4
-1.681841,1.151466,0.206856,4
-0.98685,-0.229108,2.182123,2
0.373444,-0.58539,0.173737,4
-0.916857,0.407463,0.410947,4
0.334158,0.587026,0.052036,4
-1.369148,-0.888525,0.486188,4
-0.994325,-0.214075,0.477849,1
-2.970519,-0.129287,-0.746452,3
1.519796,0.67653,-1.206863,2
-0.561063,-0.117821,-0.101317,4
0.892731,0.70033,-0.281826,4
-0.419906,-0.82732,0.64427,2
0.091607,1.110475,-0.970985,4
-1.059419,0.748314,1.485608,1
0.668056,0.581686,-1.355087,4
2.234703,-1.269188,0.934408,4
0.819882,0.135686,-0.94548,2
1.473379,-0.483817,-1.450846,3
-0.2181,0.486517,-1.185004,4
-0.483003,0.927723,1.723575,3
-0.340603,-0.114967,0.435203,4
-0.965532,1.460525,0.399369,4
2.352799,-0.670775,-0.11485,4
0.958824,-0.330106,-0.541808,4
0.406453,-0.395401,-1.599732,4
-0.895705,0.427852,-0.463615,4
1.680714,0.968948,0.575841,4
-1.037584,-0.235784,-0.85856,4
-0.774408,-0.703227,1.005182,3
-0.314801,0.913904,-0.818636,4
0.036381,-0.3739,0.69797,3
0.134256,-0.199599,1.71508,1
1.214832,0.233899,1.233302,4
0.591905,-0.818881,0.993019,0
-0.819026,-0.240327,0.526104,4
-0.93723,-0.571535,-0.383915,1
0.604778,-0.28775,-1.68786,3
-1.37091,0.207569,0.01232,4
0.140045,0.416286,0.412619,4
-1.077697,-0.5908,-1.125828,4
-0.098375,1.42973,0.558319,4
0.503383,-1.02812,-0.407925,2
-0.89374,0.695002,0.824962,3
-0.964722,-0.810585,1.143159,2
0.74043,0.195422,-1.726293,4
-0.241266,0.828044,-0.101021,4
-1.644168,-0.27776,-0.474626,4
-0.319651,-0.882502,1.924291,2
1.021043,0.152136,-0.091289,4
-0.064074,-0.028581,-1.201195,4
1.157915,-1.59735,0.956692,2
-0.14295,1.703048,-1.07731,4
-1.559591,-0.627854,1.10449,1
0.132639,0.230913,-0.61604,4
1.348458,-0.006435,0.686174,3
-2.243673,-0.757851,-0.593395,4
-0.197247,1.077601,-0.8518,4
-0.467103,-1.572706,0.747206,1
0.64049,1.884307,0.141836,4
0.76147,-1.168898,0.498038,3
0.334174,0.198392,-1.454754,4
0.137015,1.481206,0.263746,4
0.870565,-0.74197,-1.215135,4
-0.153392,-0.435642,0.922828,2
0.691989,-1.273036,-0.188746,4
0.355477,0.460538,0.613992,4
0.153314,0.275133,-0.855219,3
-1.058563,-0.046934,-3.136003,4
-0.270058,-0.647087,1.249445,3
2.535802,-0.705072,0.078243,4
-0.729753,-0.161153,-0.558595,4
-0.506578,0.779273,1.279779,3
-0.095076,-0.70526,1.341302,2
1.144586,-0.701228,2.027583,2
-0.584992,0.36535,-0.263411,4
1.596833,0.126325,1.157469,2
1.073565,0.618086,-0.884016,4
0.352311,0.161216,0.912276,1
-0.450413,-2.229946,-1.536099,4
-0.028746,0.545653,-0.061703,4
-0.319714,1.730365,1.705859,3
1.494687,-0.05694,0.772014,3
-1.382698,0.450318,0.145628,4
-0.338154,0.299909,0.785646,4
0.966757,-0.545049,-0.75606,4
-0.682142,-0.299785,-0.990947,4
-1.160065,0.968096,-0.585584,4
0.029072,1.837433,-0.837599,4
-1.180662,1.342887,-1.746479,4
-1.3349,1.110176,0.178379,4
0.307735,-0.463968,1.050639,0
0.115619,-0.198799,0.383982,3
0.561039,-0.186049,0.873743,1
1.16955,1.548929,-0.199239,4
-0.053971,1.297575,-0.98187,4
0.621372,0.70083,-0.871494,4
-0.916551,0.232241,0.3139,4
-1.511269,0.113325,0.694481,2
0.702718,-2.163593,2.036684,0
-0.788505,0.349806,-0.589861,4
1.311994,0.116042,-1.607893,4
0.706626,-0.914433,-0.605179,2
0.236167,0.31311,-0.386903,2
0.697041,0.164173,1.641709,3
0.407568,1.007723,-0.916257,4
0.145671,0.02928,-0.537374,4
1.81571,-0.07778,0.768187,3
0.449555,-0.171881,1.166694,1
-1.072668,-0.264665,1.129391,2
-0.553628,-0.093435,-0.616855,3
-0.103076,0.194277,-0.719393,4
-0.334815,-0.124152,-0.563512,2
-0.687428,-1.376908,-0.252347,2
0.323365,-0.131586,-0.232353,4
1.970113,-1.038694,0.588937,3
-1.363061,0.633556,1.513778,2
0.774496,0.349192,-2.105635,4
-0.441975,-1.482439,0.509737,1
-0.594155,-1.498903,0.870861,2
-0.199733,1.229698,-0.60118,4
0.355562,1.095284,1.242784,4
-0.394136,-0.306288,1.790119,3
-0.496077,0.024633,-0.914413,4
-0.349389,-0.704643,-0.308516,3
1.048725,0.473438,-0.5185,3
-0.076116,1.110759,0.634637,4
1.690244,1.058352,-0.818585,4
0.500689,-0.765965,0.858178,1
-0.633625,-1.11622,-1.298671,4
1.798661,-0.697545,1.911294,1
1.540035,0.59519,-0.740376,4
-2.439914,-0.942176,-0.69,4
1.066956,-0.38481,0.663829,1
-1.995854,-1.076685,1.520223,0
0.472797,2.567898,0.380956,4
0.684085,-1.657462,1.040414,3
0.515751,1.010503,-1.13222,4
-1.043754,-1.671421,-0.019123,3
2.070064,0.260635,-1.791331,4
0.116587,0.241437,-0.481757,0
1.592808,1.303359,-0.591702,4
-1.587803,-0.026116,-1.589162,4
1.35418,-0.601533,-0.351538,1
0.257426,0.504568,-2.59682,4
-0.596937,0.149295,0.319971,4
-1.936116,-1.192819,-1.09252,4
1.557809,-1.320536,-0.458705,4
0.823616,-1.555827,-0.830935,3
1.544003,-1.059196,0.095143,3
1.132006,0.714388,1.619188,3
0.184068,-0.872297,-0.525594,4
0.616013,-1.289168,-0.514858,2
0.165417,0.249941,0.546508,4
-0.826974,-0.753439,0.186192,3
0.461047,-1.155775,0.34188,4
-0.001761,0.721987,-0.487361,4
-0.770889,0.747739,0.9871,4
0.30573,0.985012,1.503553,4
-1.273777,0.934524,0.143785,4
-1.810524,-1.199536,0.106675,1
-0.77553,0.475848,0.626317,2
-0.214802,-2.356051,0.525182,2
2.109646,1.330742,-0.52246,4
0.87479,0.778985,0.229633,4
-0.373385,0.812674,-0.556853,4
-0.392722,-0.977373,0.041872,0
2.419237,0.743798,-1.79405,4
-1.274217,-0.440953,0.088327,4
-1.294891,-1.211701,1.216605,1
-1.352479,-0.424491,0.55946,4
-0.536473,-2.07493,0.098094,1
0.632563,0.794278,-1.408223,4
0.406019,-0.755687,-0.657465,4
-0.976459,1.233458,-1.94591,4
1.379502,1.11326,0.276572,3
1.159979,-2.325219,0.324379,0
-0.372051,-0.550776,1.248816,1
-0.251727,1.919108,-0.574219,4
-1.345368,0.171146,0.339105,2
1.946649,-0.654007,1.377566,1
-0.225348,1.020058,-0.735309,3
-0.100459,-0.385475,1.357771,1
0.033036,-0.41387,0.806326,2
0.108653,-0.366443,1.17419,3
-2.328961,-0.04328,-0.196417,3
-0.758232,0.609675,-0.050122,4
-0.862583,1.160004,-1.015943,4
0.423253,0.299429,0.773378,4
1.013444,-0.145741,0.375205,4
0.893019,-1.746166,-0.141205,4
-0.619136,-0.121852,1.110038,3
0.203942,-0.820691,-1.900603,4
-1.109017,-0.273507,-0.201211,4
0.884994,1.085817,2.140567,2
-0.347082,-0.987536,-0.22165,3
-1.398912,-0.372002,0.203664,4
-0.727127,-0.413138,-1.046451,4
3.083001,-0.019496,-0.582026,4
-1.443477,-2.222235,-0.888627,4
0.35476,2.486856,-1.917167,4
-0.730028,-0.335244,-1.220568,4
-1.210024,-0.344786,0.134198,3
2.138777,-0.545817,0.377409,1
-1.066975,-0.054049,0.909321,3
0.998451,-0.79439,0.92561,4
0.734936,-0.220391,-1.212392,4
-0.656191,-0.638131,0.247626,3
-0.630172,0.168703,0.017893,3
0.284245,-1.162501,-0.978431,4
1.422126,-0.451654,-0.936447,4
1.290085,-1.251776,-0.303456,4
-2.427876,-1.150899,0.887666,0
-1.249598,-2.41612,-0.051027,2
1.784586,0.233439,0.171911,4
0.118231,-1.088972,0.599475,4
-1.242149,-0.776884,-0.35627,4
-1.150852,1.32678,2.263493,1
0.823127,0.767735,0.255022,4
-2.031251,2.776408,-1.357527,4
-1.012129,1.349489,0.732113,4
-1.869027,0.873294,0.673668,4
-0.092,-0.906858,0.124525,1
-1.747761,0.326288,0.402076,2
-1.258862,0.797063,0.622695,4
-0.376544,1.586422,-1.786801,4
0.631765,-0.361224,-2.68233,4
0.241706,-0.211683,-0.751202,4
-0.041865,0.192145,-0.530131,4
0.980339,0.473441,-2.513011,4
0.318197,-0.982679,-0.201208,4
-0.312625,-0.546178,0.181109,4
0.715783,1.040122,1.167259,4
0.420351,-0.403815,0.219197,4
1.592811,0.437193,1.07101,2
1.171544,-1.479722,0.222909,0
1.013695,0.524734,1.999371,2
1.264291,0.439335,0.787654,1
-0.452449,0.068878,1.123751,0
-1.452259,-0.467131,0.296117,4
-1.005705,0.374477,-0.124841,4
1.561925,-1.527855,-1.143424,3
-0.605274,-0.748015,-0.403941,3
0.459603,1.235332,-1.32047,4
0.954961,1.228151,-0.94295,4
0.750222,-1.056019,0.071372,2
1.274613,1.371967,0.168862,4
1.007797,-0.358625,0.018569,4
1.328825,1.062065,-0.370066,3
0.520476,0.414992,1.021346,1
1.700478,-1.203545,-0.245481,0
-1.69005,1.435469,-0.856828,3
-2.152827,0.272641,-1.332317,4
1.684613,1.732109,0.503541,2
-0.972566,0.627717,-0.966687,4
0.478354,-0.107904,-1.462744,4
0.566356,-0.091036,1.369888,3
0.037454,0.322013,-1.699422,4
2.820847,1.329171,-0.72942,4
0.974127,-0.685585,1.540045,1
-0.226069,0.179587,2.013856,1
-0.725559,1.425636,-1.06663,4
-0.463778,0.549548,0.98096,2
0.259109,0.558905,-0.559371,4
0.974366,0.955057,-0.180199,4
1.196712,-0.600623,0.893336,3
0.513057,0.275422,0.398286,3
-0.111149,0.163197,0.16643,3
-0.337492,0.97031,-0.785913,4
1.016581,1.22683,-1.11528,4
0.751756,1.102,1.491628,2
-0.765174,-0.065352,0.200611,4
-1.193799,-0.877107,-0.809823,4
0.200959,-0.164644,1.799772,2
0.413795,-1.753749,1.68401,1
0.339073,0.920115,-2.833371,4
-0.508982,-1.523856,0.156271,1
-0.349826,-0.79691,0.085088,4
0.767008,1.423786,-1.338581,4
1.336874,-0.418819,1.306677,3
0.071917,0.220737,-0.299092,4
1.386042,1.073577,0.864744,1
-1.393921,0.827017,-0.016818,3
0.975459,2.269855,0.094159,2
0.197705,0.834834,0.234062,3
-0.130708,-0.648661,0.741917,1
1.22399,-0.234173,-1.76779,4
0.802481,-1.996016,-1.524655,4
-0.760765,-0.500771,-0.5407,4
1.344449,-0.785728,-1.29336,4
0.162342,-0.184151,-0.626984,3
1.545732,0.903413,-0.783329,4
2.382141,-0.082399,-1.507994,4
0.278417,-1.834515,1.004112,1
0.712388,0.13485,-0.864615,4
-1.19259,-0.281468,0.181446,3
0.476072,-0.416497,-2.541312,4
-0.536104,-0.629662,0.190513,3
-1.316472,-1.577869,-0.601838,4
-0.741859,0.668592,1.019261,2
1.414425,0.029412,0.900732,4
-0.098689,-0.475506,0.020547,3
-0.137472,0.780583,-1.011536,4
-0.701871,-0.106145,-0.463629,4
-0.410005,0.814513,0.488257,4
0.823771,-1.58047,-1.875241,4
-0.40885,-0.350223,0.390862,4
-0.188579,1.722214,-1.753963,4
1.108655,-0.538472,-0.072962,4
-1.019712,0.144723,-0.762779,4
0.555307,0.421059,-0.906244,4
0.980118,-0.231062,1.928393,1
0.380585,-1.341154,-0.763986,4
0.474823,-0.650484,0.229811,4
-1.657443,1.329211,-0.535404,1
-1.234298,1.15906,-0.486043,3
0.553156,0.024708,-0.140374,4
-0.95385,0.930787,0.719078,1
1.25035,0.600915,0.514875,4
-0.895885,0.83584,0.078145,4
1.082976,-1.123942,-1.509858,3
0.717362,-0.200837,-1.177998,1
-0.525731,0.709411,-0.808219,4
0.206068,-0.393449,-0.374579,4
1.056995,-1.617445,0.483252,3
1.011687,1.37521,-1.810056,4
1.086116,3.063124,0.30077,4
-1.607418,1.004056,0.665985,4
0.08111,-0.308451,0.27774,0
-0.869579,0.687129,-2.363505,3
-0.554098,-1.337587,-0.899786,1
-0.58718,0.51944,-0.064077,4
0.419469,0.107374,1.368855,2
-1.181484,0.038488,-0.185667,4
1.703074,-1.32388,-0.733702,4
2.162771,-0.967913,0.587978,0
-0.37967,0.134117,-1.570984,4
-1.081478,0.642918,0.841737,4
0.958399,-1.156011,-1.440113,3
0.523713,-1.147318,0.071831,3
-0.363646,-0.566341,0.40016,4
-0.371907,0.712672,-0.509763,4
0.416643,1.895331,-0.048652,4
-0.717346,0.141801,0.326214,4
1.718962,0.776262,0.893602,4
1.419026,0.585236,-0.355432,3
0.420021,-0.253184,2.040971,1
0.041649,1.370717,1.088415,2
0.294027,0.518125,1.211228,3
-0.121129,0.340646,-1.196745,4
-1.272059,0.037795,-0.787067,4
-1.233022,0.301935,0.383847,1
-0.419661,-1.23257,-1.368352,3
-1.364119,0.922636,1.859584,3
1.392037,0.594368,-0.414247,3
-0.667926,-1.311502,-0.15973,2
-0.948194,-1.21607,-0.233412,1
-1.486455,-0.634449,-1.427959,4
-0.904282,-0.842294,0.25746,3
0.656909,-0.888527,-0.582031,4
0.507847,1.014838,-0.378199,4
0.10948,0.570586,1.32069,4
0.457067,-0.516108,0.321796,4
-0.30924,0.42168,1.687915,3
-1.75805,2.453717,-1.249336,4
0.749224,0.086393,1.133161,3
0.194069,-1.80956,-0.322677,2
-0.597459,-2.140502,0.553021,1
1.108597,0.563733,1.695388,2
-1.143685,-2.13093,1.120509,1
0.682209,0.194629,-0.037235,4
1.582405,0.925641,-0.626301,3
0.081834,-0.138431,1.280881,2
1.440933,-1.772108,0.151337,1
-1.944932,-1.253667,-0.050399,2
-0.510546,-0.323561,-1.743649,3
1.218005,-0.61238,0.87708,3
0.65799,-1.409946,-0.39498,4
0.87097,-0.744237,-0.207216,2
1.237237,-0.42031,-0.690393,1
-0.001967,0.02196,0.797168,2
1.469483,0.160442,1.711183,2
-0.876605,0.609589,0.564681,4
0.416738,-1.479955,-0.38113,3
-0.893956,-0.382733,0.530354,2
0.31725,-0.947238,-1.322892,4
-2.085819,-0.817806,0.396521,3
1.639546,-0.357046,1.500891,3
-0.926126,-1.057,-0.391912,4
2.262751,-0.412406,-1.555042,4
-0.137548,1.029312,-0.642113,4
-0.176905,-1.848243,0.606456,1
-1.516144,-1.060318,0.420629,1
-0.844825,1.646615,1.152477,4
-1.819484,-0.367521,0.972985,2
-1.289962,0.687178,-0.462575,4
-0.93089,1.149174,-1.000563,4
-0.659912,0.99888,-0.974083,4
0.171119,-1.619066,1.65763,3
-0.361033,-1.402284,-0.714152,3
-1.543987,1.903419,0.786425,4
-1.730805,-0.201959,0.23004,4
1.260964,0.814301,-0.765516,4
1.003494,0.424645,-0.437459,4
-0.973675,-0.274386,-0.483271,4
-0.191564,0.654886,-1.310831,4
-1.473293,0.117815,-1.169457,4
1.852319,-0.443189,-0.693411,3
0.750307,0.978868,0.274598,4
-0.300074,2.417521,0.746269,3
-0.168198,0.576381,0.800971,2
1.504516,-0.248366,1.438434,2
-1.226101,-0.844336,0.193226,4
0.033245,0.276607,-0.446955,4
2.33481,1.057239,0.601688,3
1.145706,1.118117,1.167067,4
0.681455,-0.228473,1.961819,2
0.68493,-0.785244,0.270904,4
0.01043,1.08172,0.218615,2
0.298501,0.433641,0.620891,2
0.117059,1.393859,1.035311,3
0.659826,-0.731062,0.078652,4
0.693906,-0.609201,-0.675528,2
0.271405,1.24868,1.145538,4
0.424032,1.341615,-0.462368,4
0.598957,-0.019177,-0.298674,4
-0.901404,0.366135,0.684865,4
1.223604,-0.490656,-1.578007,4
1.07618,1.427814,-0.61298,4
-1.303198,-0.303813,-0.529988,3
-0.093915,0.930796,1.467145,3
-0.191679,-0.893679,-0.453626,3
0.133342,-0.201162,-0.715554,2
1.414659,-0.370211,0.421827,1
1.092991,-2.009482,-0.039826,0
1.611384,0.174137,-1.870717,4
0.010335,0.952495,-1.077219,2
1.026874,0.738609,-2.691751,4
0.420791,-0.769291,0.132771,4
1.328714,1.125932,-1.883099,4
0.127413,-1.126305,-0.918902,1
-0.365778,0.903299,-0.979705,4
-0.803259,-0.171942,-0.128989,0
-0.461289,1.245101,-2.151078,4
0.044575,0.803713,0.654855,1
-1.011215,0.403983,-0.711985,4
-1.401934,0.191157,0.22462,4
0.705079,0.66873,0.313774,4
-0.475226,-0.196256,-2.263636,4
0.548207,0.820614,-0.391621,2
1.492658,-1.370103,2.121525,0
-0.561798,-0.0909,0.469063,2
-1.01089,0.209389,-1.902381,4
-0.779156,1.109108,-1.402108,4
-0.222237,-0.310058,1.664736,3
2.736532,-1.731323,-0.011957,1
-1.091428,-2.771292,-0.726233,4
-1.539604,1.349452,-0.378065,4
0.292046,0.787538,-1.245271,4
-0.43446,-0.266424,1.428826,1
0.796308,0.89737,0.791645,4
-1.048734,1.704651,0.835761,4
0.602803,0.838233,0.275848,4
-1.257682,1.462946,0.73274,4
-0.271895,0.697962,1.341696,4
0.494263,-1.062755,1.879592,1
0.201612,-0.855279,-0.064291,3
-2.278424,-0.233668,-0.462439,4
-1.862785,1.330033,-0.078305,4
0.599173,0.949881,0.297641,4
0.914726,-0.814293,0.78628,1
0.762128,2.061772,1.96587,4
0.971224,-1.313916,-0.40497,4
-1.765818,-2.003656,-0.881915,3
0.773113,-1.443249,-0.087803,4
0.521931,-0.617204,0.11752,0
0.29764,1.349453,2.146704,3
-0.652243,0.036548,-0.67135,4
0.473186,0.046,-0.487287,2
-0.80094,0.376575,0.281577,3
-0.768994,1.571014,0.119806,4
-1.409158,-0.054156,-1.45677,4
-1.698876,0.253577,-0.47879,4
-0.769658,2.250856,0.239406,4
-0.143497,-0.885374,1.160224,0
-0.029,0.400241,-2.245461,4
-0.479701,-1.02239,-1.381329,4
0.693757,-0.363248,1.748518,2
-0.613526,-0.811951,0.034482,3
0.577548,-0.417499,0.683216,2
-0.205928,0.782029,-0.529728,4
2.304089,0.727257,-0.530519,3
0.452732,-0.830861,-0.429034,2
1.738542,-1.15943,-0.63305,0
-0.408926,-1.022546,0.297507,4
0.9157,-0.441711,0.127293,1
-1.302217,1.773791,0.055324,4
1.185763,-2.203213,-0.047408,2
1.036637,0.368548,0.353262,4
0.957656,-2.289013,-0.99929,2
1.364124,-1.187309,1.029249,1
0.146822,2.041065,-0.410732,4
1.330236,-0.34777,-0.016457,2
-1.963412,-0.935944,1.069088,1
-0.695386,0.389841,0.923146,1
0.327964,2.038674,1.293145,4
0.270124,-1.237566,-0.416381,4
-1.541915,-1.575692,1.287383,0
0.510134,2.57642,0.229406,4
-1.125954,0.042359,0.117755,4
1.410022,-0.441707,-0.308855,3
-1.10108,0.934738,-0.179916,3
-0.072845,1.464478,-0.505977,1
0.489533,0.137093,-1.084828,4
1.000163,-1.108882,0.777859,2
0.686752,-0.68901,2.209377,2
-1.068876,1.130029,-0.960746,4
-0.701994,-0.173279,-1.984689,4
2.512048,-0.989768,-1.745556,4
-1.835525,1.974385,0.25133,4
0.842904,0.621421,1.839836,4
-1.097433,-1.065094,-1.456798,2
-0.19201,-0.89702,-0.393639,4
1.952501,-1.153418,0.873537,2
-0.609621,-0.403298,-1.514978,4
-0.443021,0.258311,1.664987,2
-0.882396,-0.414741,-0.24261,3
0.920395,-0.900493,1.515288,2
-0.177981,-0.648329,-0.251795,3
1.367608,-1.66203,1.580151,1
-1.385336,0.768667,0.418978,4
-0.493211,0.453675,0.942424,1
-0.116239,-2.195552,0.14905,2
-0.20263,-0.063013,1.177906,3
0.38445,-1.193846,-0.789615,4
-0.28598,-1.573753,1.282832,0
-0.829967,-1.122017,0.204276,3
-0.376841,2.745644,0.995765,2
1.046875,-1.323942,1.201346,3
1.195569,-0.981543,-0.520185,4
0.004362,0.596724,-2.471301,4
-0.524919,1.098149,-0.14929,3
0.560755,-2.122952,-1.695616,4
0.366436,1.754957,-0.353335,4
1.791411,0.019951,-0.626267,4
-0.26132,1.455268,0.052741,4
0.119247,0.545996,0.600681,2
0.375994,-0.305387,-0.016393,4
-2.296611,2.215616,0.124176,1
-0.771872,-0.015997,0.050142,4
-1.528103,-0.187025,0.756284,1
0.367751,-1.701344,1.075661,2
0.920583,0.262021,-0.182137,4
0.440292,0.32038,-0.209328,4
-0.207226,1.118746,-0.955412,4
-0.504514,-0.651885,-2.730149,4
-0.41503,-0.333829,-1.530668,4
-1.398412,1.093486,0.655892,4
1.022359,-0.415013,-0.999575,2
0.829502,-1.407383,0.23529,4
-0.339258,-0.91187,1.648759,1
0.342725,0.465982,-0.075628,4
0.091475,1.118027,-1.68296,4
-2.600344,0.332311,0.514065,4
0.781148,1.6569,0.49132,4
0.99008,-0.866244,0.494747,4
0.388239,-0.255976,1.55232,4
0.876395,0.583171,-1.290447,4
0.252142,0.609563,0.440603,4
-0.96751,-0.32927,-1.610409,4
-0.469407,0.318753,0.126188,4
-1.512189,0.11079,0.00921,4
-0.144171,-0.898975,-0.977938,1
-0.838637,-1.182075,0.338656,0
0.501391,0.967867,-0.166468,4
1.130384,-0.288941,1.379876,2
1.556082,-1.791408,1.221672,1
1.058193,-0.390264,0.70736,1
0.281911,-0.840562,-0.862766,4
0.494672,-1.231822,0.118701,4
0.27199,-0.930108,-1.625037,4
-0.648038,-0.958512,0.11547,2
0.583398,0.135239,-1.626174,4
0.244468,0.396561,0.685777,4
0.719051,0.253082,0.348687,2
1.526869,-0.991557,1.609643,2
1.3243,-1.146737,0.045241,3
0.920615,-0.140912,1.380182,4
1.990318,0.750674,0.240008,3
0.40135,-1.882044,-0.727478,4
0.871048,-0.094915,0.103269,0
1.266017,0.97574,-0.216658,4
0.741155,0.620133,1.557518,2
0.106033,0.508006,-0.042793,4
0.075787,-0.219589,0.214564,1
0.678115,1.263088,-0.403279,4
-1.122384,-0.641194,-2.466835,4
0.582414,0.195431,-1.952008,4
-2.246449,0.081003,-2.871584,4
1.311088,1.057046,2.110925,2
-1.970272,-0.953156,1.149478,2
1.040487,-0.940245,0.478974,3
-1.691068,-0.491153,0.058137,2
-0.137986,-0.700898,-0.152194,4
1.091716,1.58397,1.442776,2
-0.59276,-1.328326,-2.073876,4
0.059196,0.546662,0.623226,1
-2.559241,0.346942,-0.502141,4
-0.204707,-0.301004,1.379236,2
2.170332,0.226152,0.02531,4
-0.508165,0.296917,1.168455,4
0.298248,1.277779,0.097387,2
0.078009,0.723666,1.003264,4
-0.12788,-0.91179,-1.443697,4
-0.773468,2.439092,0.278296,3
0.548349,-0.985691,1.137761,2
-0.281389,1.960793,-0.136124,4
0.819245,0.524713,0.865772,4
-0.8102,0.544933,0.954305,3
0.779256,-0.386387,0.632043,4
-0.39586,-1.404436,-0.716825,2
1.222411,-1.206498,-1.431409,3
1.53878,1.900718,-0.593459,4
-0.747938,1.514714,-0.298484,4
-1.550143,2.288755,0.291962,4
-0.656287,-2.095738,-0.992191,3
-1.354556,0.42849,-0.481857,4
-0.140567,1.372001,1.542763,3
-1.455072,-0.325684,-1.457801,2
1.399272,1.00783,-1.338154,4
1.301177,-0.041701,1.73701,1
1.341677,0.739141,-0.141262,2
-0.902211,-1.499175,-0.466731,3
-0.730509,-0.609609,-1.602321,4
0.024273,-0.356037,1.234686,0
1.638738,0.583955,-0.961598,4
1.030499,1.386348,-0.570738,2
-0.643087,0.45433,0.632722,4
0.530505,-1.036482,-0.211094,4
-1.311402,-0.891904,0.279875,4
1.057138,-1.28457,0.430839,4
0.692321,0.304404,-0.666104,2
-0.018862,-0.298684,0.89125,4
-0.625415,-0.553914,-0.150029,4
0.735052,-0.606183,1.390209,2
-0.070686,2.35298,-1.638695,4
0.778001,1.770928,-0.398776,4
-0.297437,0.144593,1.548114,2
0.479192,-1.559717,-0.507469,4
-0.843163,-0.462,-0.439442,4
0.276534,-2.114515,0.92916,0
0.280476,0.191525,-2.19767,4
1.487876,0.449722,-0.717474,4
-0.01356,-1.083157,0.334338,4
-0.140802,-0.165151,-0.330801,4
0.985113,0.174177,-1.666894,4
0.127423,-0.740853,-1.01911,4
0.518414,-0.82337,0.330466,4
-2.139048,2.349514,-0.502451,4
0.308471,-2.025357,-0.155064,2
0.803887,1.477326,0.232017,4
-1.138182,-0.086212,-2.15344,4
0.315577,-0.513039,-0.385716,1
-0.494711,0.947074,0.268348,4
0.879958,0.444587,0.51382,3
-1.000894,-0.690878,1.042173,4
-1.173299,-0.908818,-1.349793,4
-0.861689,-0.627535,-0.49958,4
-0.875435,-0.478098,-0.561956,4
0.658484,2.173174,-1.165619,3
0.206842,1.310687,0.200098,1
0.597381,2.18637,0.05864,4
-0.779658,0.070687,1.29788,4
0.447807,-0.737502,-0.348607,4
0.096384,-0.363607,-1.0887,4
1.911345,0.391353,-2.16123,4
0.951548,-0.821089,0.829737,2
-0.719296,-0.755928,-1.326819,4
-0.950062,0.416846,-0.290807,4
0.668281,-0.892203,0.598356,2
1.832916,0.922389,-0.8299,4
0.398998,1.014776,-1.471128,4
0.201806,1.877858,-0.333723,4
-1.70517,-0.137417,0.343012,1
0.660758,0.168473,0.355531,4
1.29572,-0.104178,1.661659,1
0.627092,0.249016,0.472858,4
0.700959,0.037228,-2.134235,3
-0.260237,0.799625,0.379273,4
-2.272103,0.218411,-1.01784,4
-2.023543,0.048011,1.380317,3
-0.25923,-0.717641,0.799019,3
-0.63394,-1.46417,0.698304,1
0.920657,-0.906377,0.526879,3
-0.473054,0.51231,-0.231117,2
-0.846144,1.483163,2.11225,1
-0.303575,0.98299,-0.588414,4
-0.571323,1.23465,-1.910407,4
1.113014,-1.571164,-0.797821,4
0.157233,-1.919778,0.586441,3
0.299905,-1.234407,0.936005,2
0.537121,0.152671,0.42296,4
0.297429,0.44917,-0.602368,4
0.15028,-1.120151,-0.794579,4
0.321012,0.395039,-0.503452,1
0.675886,0.823193,0.933263,2
-1.290745,-0.825787,0.694091,2
-0.992418,-0.301614,-0.239065,4
1.156849,-0.767524,-2.089729,4
-1.579539,-1.144755,-2.098651,1
-0.011786,0.172338,1.369623,3
-0.639053,0.283912,1.207808,2
-1.626433,-0.575216,-0.230896,1
-1.032453,0.855663,1.104899,3
-1.284995,0.922779,-0.223084,4
-0.438459,0.829602,-0.405858,4
1.538723,-0.477952,-0.359981,4
-1.416023,0.596149,-0.756705,4
-1.206299,0.284886,0.867677,3
-0.322001,1.914233,1.792186,2
0.195876,-2.33355,0.337097,1
-0.137917,0.108544,2.557381,2
0.927982,-0.761466,1.859777,0
-0.26913,-0.023681,-1.2493,3
0.525617,-2.273241,1.341318,2
-2.532375,1.262309,0.587959,3
0.115879,1.962944,0.329345,4
0.950396,1.32852,-0.060243,4
0.54273,0.028243,0.780547,4
-1.61265,0.382281,1.859511,2
0.564608,-2.25265,0.84857,1
0.583126,-0.841597,0.755018,3
0.291132,2.002127,-0.773492,4
-2.396716,0.094408,-1.394681,4
0.5064,-1.270207,-2.801481,4
0.288127,-2.202245,0.869106,0
-0.578492,-0.493456,0.555822,1
1.337912,0.653966,0.117821,2
0.306569,-0.28853,0.543973,3
-0.478654,0.779627,-1.133867,3
0.142989,-1.150991,0.613912,1
-1.66659,-1.053311,0.312519,3
0.389741,0.893375,0.472016,3
-0.027904,0.878614,1.545315,2
0.032597,-0.299617,1.004237,4
-1.370075,-1.653887,0.388126,1
0.246608,0.711961,-0.822747,4
-1.794846,0.363285,1.410339,2
0.32031,0.424729,-1.208586,4
0.597448,-1.74523,-0.321015,4
2.338557,0.357311,2.101792,4
1.467184,-1.004119,1.103851,1
-0.416417,0.085142,0.348983,4
-1.195098,-1.612183,-0.092526,1
2.067543,0.211846,-0.146398,2
0.379842,-0.705999,1.450247,3
0.96278,-1.566685,-1.597561,4
-0.376186,-0.103929,-0.529773,2
0.038001,0.566558,0.160088,3
-0.87827,0.391351,0.123639,4
0.132112,-1.809461,0.87806,2
-0.790284,-1.088722,2.675027,1
0.387793,0.064018,-0.701408,3
0.881695,-0.243759,-2.699101,4
-2.52483,-0.230608,-0.44219,4
0.45237,0.174446,-0.079677,4
0.448615,0.771114,-1.542958,4
1.457551,-1.1522,-1.313414,4
-0.115184,-1.722374,0.963032,3
-1.018787,-0.441719,-0.053583,4
-0.226295,-0.19284,1.319922,2
0.835444,0.48078,2.461648,2
1.065185,1.138417,0.395275,1
1.826778,0.287206,-0.474027,4
-0.723246,-0.66837,-1.926263,3
-1.416339,-0.167267,-0.657525,4
0.667046,0.006483,1.08701,3
-1.020739,-0.206395,1.588871,4
-1.697978,0.826229,-1.197425,4
-0.551597,-0.365479,1.176741,2
-0.292819,-0.573115,0.742601,2
1.669979,0.351175,0.97037,4
-1.125172,0.513228,1.115522,4
0.454687,-0.501287,0.192344,4
0.514068,0.981412,-1.740681,4
-0.455759,-0.062949,0.681793,3
-1.244676,1.169741,-0.362846,4
-0.803411,-0.114711,-0.696746,4
0.12517,1.838013,-1.342963,4
-0.615321,-0.155095,1.272647,2
-1.093926,-0.428868,0.8123,3
-0.874646,0.352587,0.31294,3
-1.180764,0.37801,-0.787363,4
-0.966126,-0.585961,-1.285502,4
0.207256,0.571871,-1.57505,4
-0.326988,0.37817,0.115033,4
1.182926,1.925746,-0.221411,4
1.085598,-0.770636,1.471878,2
-0.847329,-0.933636,1.445904,3
0.640351,1.788933,0.932038,4
0.412216,1.55033,-1.830878,4
2.428213,1.060071,-0.032601,4
0.184681,-2.656236,-1.362963,4
-1.943279,0.821449,0.364505,3
-1.03937,-0.74153,-0.374213,4
-0.010924,-0.608162,-0.387678,1
0.194709,-0.268597,-0.217007,3
-2.125916,-0.199092,0.409404,3
-2.007084,0.584634,-0.018611,4
-1.172918,-0.921697,0.260681,2
-0.658129,0.47307,0.310265,4
0.007945,-0.50911,-0.582056,3
-1.435773,0.792612,0.27124,3
-0.832045,-1.605572,1.408858,1
0.991119,0.713015,0.589063,4
-1.438117,-1.408501,0.22017,1
-1.037443,-0.249252,-0.340407,4
-0.314528,-0.215711,-0.768787,1
0.440076,-1.498551,0.591307,0
-1.591297,1.009164,1.708068,3
-2.678487,-1.128145,0.593881,1
0.943184,0.878664,-1.255274,4
0.113269,0.105169,-1.27384,4
-0.35076,0.111382,-0.667958,4
-0.043831,0.531567,0.73212,3
-0.282251,0.446043,0.490932,1
1.225903,-0.356363,-1.722184,4
-0.106926,-0.35974,1.628023,2
0.413016,-0.669394,0.98178,1
-0.994465,-1.188005,-0.035983,1
-2.356508,0.921008,1.155053,4
0.016803,-0.257677,1.453968,1
-0.418917,-0.021791,-1.228198,1
-0.317109,-0.829366,0.442561,3
2.189075,0.777632,-1.788515,4
0.420275,0.355696,0.272945,4
0.861836,1.095718,-0.410389,3
0.495603,0.796526,-0.120214,4
0.349458,-0.945546,1.396399,2
0.16475,-1.286847,-1.643956,4
0.030977,-0.405242,-0.096289,4
2.628477,-0.357466,0.409409,4
0.06111,-1.363,-1.037435,1
-0.116063,0.43281,-0.652564,2
0.671173,-2.298002,-0.275208,3
-0.204189,0.279557,1.615984,2
-1.077732,-0.814933,0.296932,2
-1.514406,-0.499137,0.234012,1
-1.384597,0.828622,1.21585,2
1.650178,0.239911,-0.22676,4
-0.212189,0.101433,-0.585959,3
-0.290206,1.261914,-0.897081,4
-0.046361,2.305553,-1.237946,4
2.323617,-0.903657,0.940707,4
0.477411,-0.920464,-0.496929,1
-2.26294,-0.153224,-0.565613,4
-0.233225,0.042541,1.092923,2
0.348906,1.920624,-1.004357,4
-0.536507,1.112452,0.520369,4
0.14186,1.471268,0.09838,4
0.488715,-0.668391,-0.803009,4
-0.442869,1.577499,-0.097086,4
-0.266684,1.050224,0.461029,2
-1.175269,1.45139,-1.275744,4
-0.918944,0.99085,-0.317566,3
0.23456,-0.186429,1.430954,2
-0.229507,0.966245,0.882933,3
0.860483,0.568784,-1.778166,4
1.417388,-0.371925,1.371019,4
0.596462,0.565442,-1.546896,4
-0.810215,0.153632,0.809722,3
0.118244,0.526932,-0.826185,4
-1.39486,-2.302867,0.667438,1
-0.402323,-0.644896,0.11519,0
-0.086358,1.252423,1.052885,4
0.636107,-0.906786,1.191056,2
-0.526149,1.82473,0.118124,4
-2.511193,-0.075991,-2.159741,4
0.897085,0.042137,1.782573,2
-1.3319,0.200225,-0.071314,4
1.768889,-0.269968,-0.462165,4
-1.994353,1.529074,0.221828,4
-1.194254,-0.24587,-1.201776,3
-1.663442,1.606253,1.55111,4
0.800272,-1.89454,0.627508,3
-0.39012,-0.749454,-1.571568,4
1.775281,0.312803,-1.200803,4
-0.820812,-0.428402,0.347291,4
0.628969,0.979161,0.99258,4
2.524845,0.443621,-1.00215,4
-0.164574,0.066642,-0.07518,4
-0.557085,0.649105,1.018622,4
-1.401404,-0.916951,-1.165163,2
0.481799,1.465669,-0.433832,4
0.617302,2.534716,1.360233,2
0.671354,0.462275,-1.567506,4
1.768879,-0.216676,2.013712,3
0.468319,0.260071,-0.410452,1
2.970882,-0.394715,-0.044687,4
-1.942526,-0.743714,-0.39338,3
2.607224,-0.026225,-1.440915,4
-1.711707,-1.525199,-1.829247,4
-0.355574,-0.116956,0.251606,2
-0.227399,0.812434,1.790219,2
-2.491676,0.936137,-0.047671,4
0.393667,-0.907171,0.925713,2
-0.276512,0.383708,0.615079,4
0.742625,-1.187732,1.545579,1
-1.1789,-0.638588,0.44834,3
1.101536,-0.16918,0.874707,1
-1.198606,-0.42816,1.400867,4
-0.702606,0.424659,0.636948,2
-0.091713,1.230138,0.216115,3
-0.22441,-0.567499,-0.283866,2
0.481485,0.664232,1.289201,4
1.39953,1.30235,2.417807,2
0.097224,1.200184,-0.055778,4
-1.171088,1.135295,-1.077376,4
1.276636,-0.162112,0.24207,3
-0.198589,-0.31862,-0.418196,2
-0.440023,-1.928872,1.316191,0
-0.616306,0.778363,1.42492,2
-0.170886,-0.3796,0.115172,4
-1.21294,-1.210676,0.816318,0
-2.141916,-1.089514,-0.05025,4
-0.128438,0.227703,-1.023334,4
1.155326,-1.408817,-1.361192,4
0.225896,-0.012311,0.518004,4
1.171161,0.988288,0.219561,4
-0.024338,1.357961,0.105818,4
0.116874,-2.085758,-2.341233,4
-3.150068,-1.744311,-0.665452,4
-0.331147,0.510442,0.539752,4
-0.812968,0.483643,-0.07967,4
0.668238,-0.023204,-0.525791,4
-0.033981,1.129105,-0.819083,4
-0.883419,0.151372,-1.088098,4
-0.701783,1.016244,0.58282,4
1.403085,-0.559931,-0.556855,4
0.024141,1.98967,-0.631303,4
1.679971,-0.878494,0.005417,4
-0.649075,-1.786673,-0.776638,4
-0.218481,-0.104963,-0.695731,4
-1.756282,0.524045,-0.630034,4
0.404566,-0.960368,-0.751956,4
-0.287362,0.278783,-0.526897,4
0.047226,-1.635016,1.349524,0
-1.541773,-0.268746,-0.957697,4
0.431771,-1.529111,-0.512471,1
-0.603576,0.742878,-2.219131,4
-0.497787,-0.731092,-0.240162,4
-0.937393,-0.938661,0.117552,3
0.905013,0.291181,0.993704,1
0.442701,1.773875,0.251773,4
1.222968,0.532472,-0.087352,4
-0.629615,-1.120072,1.073104,2
-2.134167,0.627124,-1.525202,4
0.968113,-0.080379,0.335192,4
-0.184789,0.288165,0.700151,3
-0.59568,-0.80769,0.268741,2
-0.995736,0.498939,0.155399,4
-0.799153,-1.041997,0.565801,2
-0.369511,-0.076157,-0.815658,3
-0.389622,-0.419845,-0.857281,4
-0.214343,-2.551591,-0.096432,4
-0.467983,-1.363449,1.091894,2
-0.507332,0.130687,0.80833,4
-1.626967,2.155617,0.404016,4
-1.731047,0.600423,-0.283114,4
0.750713,0.565234,-0.019256,4
-0.195271,0.570087,1.094582,4
0.206807,0.817923,1.475629,2
-1.388543,-0.241088,-0.142128,1
-1.47068,0.010283,-2.086862,4
0.460754,0.284824,-1.74505,4
-0.846416,0.475974,0.901779,4
0.501186,-1.632918,-0.425536,4
-0.427449,0.994093,0.98249,1
-0.864538,-0.034731,0.869666,3
1.756663,-0.216548,-1.39816,4
-2.325856,-0.635819,0.355005,3
0.10234,0.335863,-0.502785,4
0.759404,-0.099806,-1.206257,4
-1.291225,1.163508,-1.237652,4
-0.221163,-0.238445,0.250674,4
0.499717,0.53648,1.524491,2
-0.858655,-1.384822,-1.025878,4
0.149889,0.498214,-0.227714,4
1.312954,-1.286616,0.486705,4
-1.087668,-0.486237,1.078334,3
-2.255913,-0.175112,-1.674691,4
0.150636,-0.273784,0.914356,4
0.256051,0.010994,-1.870062,4
-1.021712,-2.237009,0.6698,2
0.664303,0.015724,-1.008322,4
0.299271,-1.185097,-0.486845,4
-0.451628,-1.768291,0.666844,2
-1.409531,-2.053048,-0.171114,2
-0.171632,-0.537986,-0.938628,4
0.324254,-0.911093,0.57595,4
-0.502677,-0.627742,-0.39312,3
-0.954462,0.172709,-0.483491,4
0.464407,0.856902,1.33003,4
2.703812,-0.153559,0.393339,4
0.116267,0.464831,-0.813063,4
1.037067,-0.787512,0.401403,4
1.16592,0.114424,-0.601434,3
-2.417861,-0.310811,0.192139,2
-0.922848,-0.228836,0.542509,4
-1.014533,-0.370194,1.353562,3
-0.395102,-0.047525,0.888831,2
-1.091243,-0.25577,-0.395676,1
-2.648806,1.814166,1.093516,3
-1.049427,0.175947,-0.754932,4
1.99857,0.551031,0.495347,2
-0.646396,0.337683,0.483675,4
0.571824,-0.069903,0.816444,1
0.995558,-0.414399,-0.536552,4
-1.018311,-1.766736,0.66536,3
2.384107,-0.538678,-0.130733,4
-0.60624,-0.386876,-0.768078,4
0.902549,-1.558752,-0.192651,1
0.717349,-0.46193,0.299241,4
-1.727277,-0.899033,1.200947,2
-0.065513,1.05533,-1.105855,4
-0.075139,0.777843,0.939354,2
0.609585,0.43592,0.903873,2
0.027091,-1.220925,-1.011823,2
-0.794101,-1.350107,-1.030427,4
-0.388393,0.282187,-0.719504,4
-0.86013,0.391599,0.217662,4
0.555031,1.225876,0.185449,2
-0.346713,0.370843,1.356705,2
0.806116,0.475402,-0.061428,4
0.357964,0.522523,0.538624,3
1.660982,0.879221,-0.709466,4
1.75083,-1.929251,-1.361403,3
-0.339324,0.593453,-0.383099,4
0.345487,0.11569,-1.194216,4
-2.142472,-0.383101,-0.244503,2
1.085787,0.060017,0.051,4
0.577489,0.261539,-1.366284,4
-0.221638,-1.378033,1.084459,1
0.214185,1.09451,1.984593,3
1.472669,1.190964,-0.249693,4
0.292078,0.332125,1.138777,4
0.300746,-0.00241,-0.442991,4
0.792728,-0.363681,-1.574312,4
-1.305749,1.110326,0.739206,4
-1.291418,1.007774,2.046395,3
-0.175436,0.988104,-0.67661,4
-0.143372,0.439917,0.156266,4
-0.111369,1.62762,-0.153125,4
-1.034818,-0.365198,1.025828,3
2.206142,0.874674,-0.307587,4
-0.948259,0.520191,-0.376419,4
0.813183,-0.76554,-0.632744,4
-2.323852,0.419763,-0.606824,4
0.100361,-1.606336,0.596463,1
-0.363082,0.579486,-0.892778,4
0.065596,0.033496,0.872946,3
-2.31172,0.457723,0.879329,2
-0.220837,-0.458363,1.322249,4
1.289912,0.319073,0.218771,3
-0.391676,1.601591,0.701038,4
-1.328311,0.401589,-0.115609,4
1.507128,-0.927179,0.425899,4
-0.689507,0.933353,-0.988952,3
1.571716,-0.424206,0.222939,0
0.209934,1.241449,0.249943,4
1.693328,-1.345412,-0.0683,0
0.600194,0.724508,-0.095617,4
0.936077,-1.512175,-1.037878,4
-0.0298,0.353857,-0.202418,2
-1.905759,0.72672,-1.09526,4
0.773062,0.928752,0.912804,4
0.504189,0.300766,-1.114988,2
-1.451273,-0.054351,-1.139087,4
-0.779464,0.817772,0.127984,3
-1.68512,0.432331,-0.071016,4
-0.19291,0.364931,-0.411481,4
1.912862,-0.52579,-1.573408,4
0.408742,1.176057,0.197022,4
1.171106,0.889356,-1.444783,4
-0.615115,0.611202,-1.487367,4
0.697359,-2.138469,1.257513,1
1.414127,-1.318901,0.954074,1
-0.011566,-1.650854,0.235555,3
1.733562,1.207303,-0.748042,4
0.248879,-1.299407,-0.974782,4
-0.225411,-0.490818,-0.700221,4
-1.243262,1.876272,2.07116,2
-1.605093,-0.077187,0.987793,1
-0.099231,0.285396,-1.691552,4
0.002629,0.177254,-0.748212,3
0.520488,-0.657651,-1.019191,4
-0.041841,-0.409767,0.904812,2
0.808782,2.012712,1.555329,1
0.782435,1.742462,-1.186946,4
1.516681,1.661812,0.829278,3
0.93776,-1.640779,-0.70649,4
-0.082263,-1.064541,0.218332,3
-0.620069,0.388242,0.916094,3
-1.832481,-0.80659,0.867075,2
0.338668,-0.133394,-0.065123,4
-2.074233,-0.032449,0.97516,3
0.413977,-0.168723,-0.229196,4
1.452316,2.047659,0.235616,4
0.485543,1.608782,-0.446993,4
0.46539,0.126949,-1.870762,3
-0.026329,-0.367694,1.210386,2
0.704981,0.906341,-0.062843,4
-2.494923,0.01083,0.445824,4
-0.676018,0.910069,-0.460123,4
-0.298742,-1.422359,0.979367,1
-0.168894,-2.425163,-0.573495,0
1.112649,-0.244013,1.097348,2
2.063988,-1.397858,1.437964,0
0.995747,-0.771985,-0.105708,4
-1.550412,-0.145459,-0.81614,4
-0.603313,0.191369,1.240856,3
0.618138,0.096816,0.817418,2
-0.656738,0.491503,-0.488562,4
-0.254695,0.544472,-0.153981,4
-0.693606,1.338983,0.057619,4
-1.986107,-0.08134,0.401105,3
-0.104042,-0.313302,-0.474739,3
-0.132239,0.114436,1.334623,2
0.431235,-0.451113,-1.542904,4
-1.068503,0.481765,1.346097,2
-0.615509,0.957957,1.083539,3
-0.35711,-1.726901,-0.645142,1
1.343397,-0.214664,0.935072,2
1.897216,-0.926244,0.448706,1
2.678197,-0.122532,0.569332,0
-0.462978,0.952861,0.874474,4
0.393315,2.731789,-1.266045,4
-0.801286,-0.13086,0.097797,3
-0.682923,1.483245,2.070941,4
0.691833,0.439926,-0.478369,3
0.228263,-0.09927,-1.826377,2
0.714254,-1.241125,0.261202,3
-0.630849,0.240562,0.667401,4
-1.667123,0.921379,2.046421,3
-0.915173,0.48229,1.158852,2
-2.422165,0.437654,-1.144211,4
0.442724,-1.413168,-1.277203,3
0.144252,-0.387509,1.282493,2
-0.564626,-0.377366,-1.227608,4
0.295313,-1.424146,0.877943,2
-0.675727,-2.102968,0.963725,1
-0.023909,-0.150935,0.058553,4
0.363389,0.229012,1.664655,2
1.499807,0.038393,0.218313,1
0.12328,0.164667,-0.178554,4
-0.908457,0.685739,0.01079,4
0.533168,-1.846585,-0.213378,2
1.185132,-1.655721,0.771039,1
1.332429,-0.732332,1.013531,3
-0.773325,0.207823,-3.429133,4
-1.902243,0.235199,-0.89524,4
-0.068679,-0.277446,-1.56438,4
0.815434,-0.387063,-2.015451,4
-1.991697,-0.649704,-2.092522,4
0.259972,-0.303465,1.157716,2
-2.475716,0.605243,2.061236,1
-0.147324,0.126048,-0.393647,4
-0.201634,0.104217,1.028426,2
-0.522409,-2.06394,0.610225,2
1.041747,1.450125,0.562907,4
-1.143062,1.236092,0.128181,3
0.543049,-0.993881,-0.088078,4
0.204127,0.299364,1.536742,3
0.709951,1.05053,-2.666886,4
-1.578673,1.670704,1.962953,2
0.879676,0.646159,0.789349,4
0.311867,0.589384,-2.038858,4
0.000113,-0.258628,0.169748,4
0.521955,1.195101,2.859149,2
-0.117463,1.723994,0.063193,4
0.847826,1.97246,-1.666123,4
1.966125,0.189809,-0.620056,2
-1.070667,-0.5102,-0.067635,4
1.081284,-1.799864,-0.262963,3
2.199885,-0.868162,1.302779,3
1.337776,0.58845,1.217319,4
0.65982,2.441408,-0.47959,4
0.412592,-0.635897,-0.885073,4
0.760446,1.410875,0.026089,4
0.162584,1.533738,-0.348028,4
2.276647,0.44692,-1.248524,4
0.371852,0.80148,0.431996,2
-0.347102,-0.404165,1.120436,3
-1.199343,-0.15383,1.26195,3
-0.065335,0.200612,1.087341,3
-0.036058,-0.531016,-2.338827,4
-0.975739,0.450241,-0.042205,4
-0.335781,-0.399441,-2.239085,4
0.781146,0.799166,0.638071,4
-0.176586,-0.907158,-1.71732,4
-0.834109,1.022926,1.717891,1
1.195872,-0.573067,-1.2331,4
-0.409703,1.195751,0.585768,4
-0.819307,-1.302041,-1.515578,4
3.120088,-0.273503,0.657912,1
1.164892,-1.068245,0.106043,0
-0.328331,1.061357,-0.123089,3
-0.255771,0.642554,1.352305,2
1.637134,0.217471,-0.06111,4
-0.583267,0.949005,0.192377,2
2.130706,-0.283006,-1.283622,4
1.381706,-0.617244,1.271585,4
0.266034,1.440447,0.217356,4
-0.565408,-0.336851,-1.124547,3
-0.528986,0.371573,0.868164,4
-1.781796,-0.211676,-0.800144,4
-1.638224,1.456559,0.328776,4
-1.079083,0.520608,-1.17686,4
0.092975,0.753301,0.630437,4
-0.492475,0.97534,-1.408601,4
-1.098125,1.039224,-0.290513,3
-1.604882,0.32628,0.177775,4
1.168562,-1.754276,0.003253,4
1.191992,-1.715585,0.070068,2
2.436429,-1.041074,-0.594091,2
-1.897483,-1.862541,-0.865005,3
2.246611,-0.181103,0.815252,2
-1.055302,-0.372542,-2.775837,3
-0.165976,-1.311816,1.374344,0
-0.261361,-1.569456,1.098541,1
-1.458708,-0.037776,0.04366,4
1.304692,-2.585315,-1.323774,4
-0.301108,-1.042324,-1.16346,4
0.360332,-0.875662,0.109938,3
-1.784096,1.972817,0.703244,4
-0.740893,-0.474521,-0.831342,4
-1.248738,-1.996658,-0.474926,2
-0.403594,-0.636143,0.460542,2
0.95547,0.584952,0.29605,4
1.000451,-0.720376,-0.936233,2
0.606704,-1.259292,0.103299,0
0.887668,-1.075324,0.169455,4
0.927195,-1.886385,0.018889,4
0.140315,-2.109524,1.655717,0
-1.229263,-0.00035,1.272312,4
0.754687,-0.668216,-0.28362,4
0.651655,-0.216421,-1.260881,3
0.545125,-1.673159,-0.854403,4
0.644121,1.413052,-0.558756,4
2.135004,-0.306097,-1.986159,4
-1.239838,-1.505323,-1.285652,3
0.09451,0.514223,0.155696,4
0.177246,0.112438,-0.035214,1
-0.526422,1.487957,0.470724,4
-0.453831,0.384533,-0.577705,4
2.149932,1.440607,-1.008955,4
-0.232652,-0.2106,-1.861659,4
2.142516,-0.790706,-1.967891,4
0.762016,0.387829,0.875585,3
-0.165148,1.039804,0.41445,4
-1.26559,-1.206506,-0.486226,0
-0.582789,0.319804,-0.944412,1
1.580406,-0.183678,-0.905981,4
0.660677,-1.223227,-0.934752,0
0.175928,-1.503662,-0.899738,2
0.462787,1.80313,-1.382184,4
-0.124737,-0.974602,0.732107,1
0.154567,0.515564,-0.582874,4
0.506844,-0.646725,1.479436,1
0.288367,-0.072579,-0.5592,3
-1.626293,2.652229,0.640042,4
0.137809,0.229024,-2.973623,4
-0.03612,-0.114465,0.310957,4
1.574059,-0.255392,0.603075,3
-1.514261,-0.341099,1.353992,3
-0.841426,2.57634,0.223231,4
0.559466,1.630858,-0.975454,4
0.241005,-1.343137,-0.89721,4
-1.132176,-0.776533,-0.798472,4
-0.439047,-0.256041,0.501077,4
0.564416,-0.610555,0.390092,4
0.072374,-0.740414,-0.052462,4
0.613424,-0.681902,-0.120232,1
-0.165814,1.180126,-0.109818,4
-0.146407,-2.188286,-0.836275,4
-0.384172,1.447969,1.088292,4
0.557274,-2.187406,0.315684,0
-0.617056,-0.572039,-0.916658,4
-0.329679,-0.543963,0.364747,4
-1.736662,2.320418,0.078006,4
-1.44309,-0.923512,0.201447,2
-0.788403,-1.35227,1.605744,2
-0.568576,0.712619,0.411335,4
-1.290959,0.896684,-0.218064,3
0.197443,-0.716966,0.475718,4
1.382329,1.319452,-1.018871,4
0.566517,-0.763432,0.221089,2
0.218567,-0.55612,-0.586009,4
0.607344,0.550164,0.442899,4
0.817681,-0.927687,0.765345,2
-0.067307,1.661551,-0.434857,4
0.205945,-0.310468,0.527132,4
1.535825,-0.573879,-1.774261,4
1.413945,-0.641271,-1.328569,4
0.415857,0.958172,-0.271676,4
-0.759113,2.810685,-0.680162,4
-1.356329,0.030604,-0.157356,4
0.060194,0.34875,1.762931,2
0.278714,0.189569,1.100132,3
-0.741797,-0.094926,0.889557,2
0.131587,-0.37903,-0.224767,2
1.176638,0.172088,-2.194976,4
1.20357,-1.107646,0.384096,4
1.308053,-0.436512,-0.955344,4
0.167062,2.730707,0.890118,3
-0.594876,0.39854,0.925936,3
-0.610311,0.385792,-0.13846,3
0.716006,1.513047,0.251283,4
0.545147,0.97936,0.857556,2
-0.311705,-0.769138,-0.011846,4
-0.80178,-2.095729,-0.047638,2
0.579076,-1.941945,-0.936336,4
1.10042,0.437666,-0.180483,3
0.499846,0.393154,-0.380752,1
0.633983,-0.660542,1.069989,2
-0.007433,0.430007,0.114551,4
2.087842,-0.266316,-1.503622,3
-0.694014,0.419104,-0.508052,4
1.945233,0.613213,0.058362,4
0.174094,1.57043,0.761866,4
-0.058387,0.397366,1.043148,2
0.451627,0.608538,-1.034177,4
-2.095565,0.392967,1.274299,3
2.043996,-0.971666,-0.779834,3
-0.066523,0.049007,-1.053778,4
1.107898,0.095672,-0.392418,4
0.042693,-1.605171,0.104026,4
1.293445,-1.602498,-0.504919,4
-0.018194,1.751153,-0.259234,4
0.225453,2.29532,-1.960487,4
-0.903012,-0.448995,0.007125,3
2.090736,-0.1788,-0.086643,0
-0.67673,0.505162,-0.501393,0
-1.711943,-0.32629,-0.23768,4
-0.351984,1.722447,1.07045,4
1.545897,1.468095,-0.20575,4
0.588869,-0.788968,-0.559775,1
-0.108081,0.958276,0.353226,4
1.591214,0.953031,-1.395682,4
-0.232066,-0.5066,-0.206107,4
-0.54827,-0.954132,-0.230839,2
-0.71516,0.233561,-1.731063,4
0.677551,-2.26409,0.460198,4
1.191809,-0.034918,-1.593204,4
0.030185,1.473702,0.871486,4
-1.130234,-2.368058,-1.384041,4
1.365723,0.331283,2.407668,2
0.288944,0.333229,-1.759626,4
1.751009,1.10279,0.25487,0
0.284954,1.17042,0.214634,4
-0.150253,-1.189695,0.346827,1
1.50514,0.37626,1.965986,1
0.420371,-0.741898,0.13367,4
-0.499418,0.472889,-0.232823,1
1.105855,-1.298882,-2.390553,4
-0.18108,1.772641,-1.106073,2
-1.931787,-0.651553,-1.401954,4
0.342144,0.159807,1.971427,2
-0.432127,-0.718859,-0.872217,4
-1.061923,-0.993163,0.604237,2
-0.461747,-2.887983,-0.142103,2
-2.842924,0.047698,1.065651,1
-1.112073,0.022611,1.154497,0
-2.010032,-0.756226,-0.811296,4
1.99962,-1.054424,1.056701,4
2.104274,-0.880779,-0.444043,1
0.956449,0.567734,-0.331073,4
0.394367,0.477052,0.026983,4
-1.154752,-2.400289,0.645822,1
0.317097,0.894819,-0.763277,4
-0.356785,-1.039704,0.887466,3
-1.097186,-0.146657,0.684785,2
0.062347,-0.751934,-0.254663,3
1.100596,2.411944,0.598836,4
-0.226159,-1.341257,-0.596605,4
-0.536962,0.122099,-1.087786,4
1.488176,-1.901108,-0.520035,4
1.920133,-0.013007,-0.912387,1
-1.194378,-0.416731,-0.671876,4
1.213104,1.024799,-0.385316,4
-0.509774,-0.189298,-0.905618,4
-2.132934,-2.149433,0.025278,3
-0.801176,-0.683641,2.348791,2
-0.781109,1.977248,-1.109591,3
-0.299699,-0.003647,-1.028499,4
-0.256654,-1.629732,0.036472,4
1.764137,0.320002,1.176861,1
0.389626,-0.852465,-1.102292,2
0.927409,-0.395456,1.82971,2
-0.014565,1.370892,1.215229,4
1.135364,0.890304,-1.780065,4
1.753306,0.467449,-0.905692,3
0.660517,0.458668,0.914913,3
1.270252,0.839984,0.561975,1
-0.06293,0.394421,-2.023688,4
0.804788,1.710492,0.174101,3
0.032016,-0.016704,0.670321,1
0.772033,1.174993,-2.127019,2
1.307942,0.66837,-0.783886,4
0.998825,0.117069,-0.77919,0
0.522183,-0.467962,0.408887,4
-0.810584,-0.079983,1.765763,3
0.292335,0.150305,0.312924,4
-1.180466,0.346286,0.685062,0
0.854997,1.742709,1.340691,4
-0.499199,1.097082,0.045652,3
0.613285,-1.452177,0.122477,2
-0.41045,-1.88645,0.452375,3
0.169797,-0.493409,1.56794,1
1.020794,2.424815,-1.190354,3
1.154094,-0.24935,0.317758,1
-0.387865,1.108958,0.472831,4
0.544408,-1.65434,0.672246,1
0.093325,1.200981,0.662935,4
1.503582,-0.095506,-0.070424,1
0.085473,0.239044,-0.36314,3
-0.578123,-0.367479,-0.963391,0
0.385868,-0.40542,-0.554499,4
-1.518577,0.142775,-1.464638,1
0.282904,-1.157719,-0.488189,0
0.065871,-0.365642,-0.689422,1
0.432054,-1.17985,0.442005,1
1.505324,-0.60886,-0.130183,1
-0.408906,0.930311,0.76942,3
-0.812193,0.847655,-0.652832,1
-0.584709,-0.462655,0.169328,0
-0.273368,-0.997569,-0.583057,1
1.306703,1.075189,0.657707,2
1.405962,0.792848,1.907982,4
-2.180852,-0.705643,1.107859,3
1.722245,1.626455,-0.641557,2
0.989955,0.185044,-1.448693,2
0.258082,1.36504,0.771662,0
2.37776,0.499784,-0.151385,0
-0.043284,0.352383,2.599656,3
0.778367,1.349422,1.36182,3
1.788747,1.002632,-0.51991,4
-0.297829,-0.517038,1.193341,1
-1.297612,-1.561398,0.016566,3
0.282032,0.167828,1.37196,3
-0.94762,-0.12707,-0.325568,1
-1.256879,-1.454834,-1.197567,4
0.158181,-0.197798,-0.042079,0
-0.379337,-1.072419,0.27761,4
0.893248,0.486797,-0.189131,1
-0.286456,0.028898,-0.057732,0
0.648389,-0.238625,0.555705,0
1.360946,-0.448686,-0.180783,0
-1.575842,2.087177,-1.288912,4
-0.550873,-1.387703,1.234186,1
0.904101,0.653377,0.658597,4
-0.181755,0.698641,-2.599844,4
-0.304043,-0.660639,-0.349021,2
-1.18273,-1.581406,-1.071283,3
0.229816,-0.135627,-1.164143,4
1.953384,0.44159,-0.427351,2
0.059782,0.120506,-0.23201,1
-0.303058,-0.174668,-1.394889,2
0.278498,-1.303257,-0.716761,4
-1.143108,1.168883,-0.819886,1
-0.530693,0.109711,0.930777,2
0.03844,0.365857,0.918338,4
0.999217,-0.282889,0.160601,1
0.82082,0.1362,0.657109,1
0.23528,-0.606637,1.081554,3
-0.547297,1.164762,-0.824484,4
0.694186,-0.433112,1.652156,3
-1.332403,0.117287,0.100425,1
2.236202,-1.153675,0.831359,1
0.468614,0.816203,0.165328,2
-0.388506,0.862227,-0.48341,3
-0.996154,-0.031029,0.207591,0
-0.876047,-1.701149,1.09914,4
1.457205,0.166481,1.155613,3
-0.143671,1.593586,0.727831,1
-0.128304,0.09154,0.857205,2
1.568351,-1.210035,-0.656246,4
1.008087,1.701437,0.398799,4
1.009071,-0.428907,-1.701169,2
0.308737,0.154356,-1.775437,1
0.80802,2.21161,-1.227101,0
-1.675468,0.605501,-0.453096,2
-1.465013,1.164205,1.617705,0
0.697796,-0.243041,-0.933706,3
0.353562,0.854803,0.046283,4
0.888393,-0.33501,1.969581,1
-0.619225,-0.612684,-1.652488,0
-0.419619,-1.348906,0.555483,1
-0.715634,-0.09907,1.511967,3
1.195871,0.347243,0.909765,0
-0.863034,0.533385,0.568761,1
-0.696735,-1.052056,-1.295869,1
0.255976,1.120502,-0.069518,3
0.362898,-1.340587,-0.910102,2
0.822635,0.145196,1.301603,3
0.169578,-0.045057,0.093479,0
-0.358903,-1.62069,-0.95592,0
0.049718,1.188949,-0.028895,4
-0.288633,-0.848762,0.340607,1
0.324319,-1.2582,-0.565409,0
0.232375,-2.21145,1.149642,2
1.990698,0.587605,-0.230219,2
-1.388903,-0.023633,0.535686,3
-0.452547,-0.13155,-0.454108,0
-0.414787,0.986003,-1.032451,0
2.112126,-0.701219,-0.384911,4
0.718846,-0.715109,0.388114,4
-1.158445,-0.558495,-0.944157,4
1.382008,0.34386,1.02381,0
0.709192,0.20477,1.486267,3
1.640805,0.241108,-0.501435,3
0.962722,-0.175784,-1.638197,3
-2.419065,-0.229874,-1.305885,3
-0.241533,-0.181444,0.919705,2
0.503964,-0.101955,0.17256,0
-0.266433,0.835377,-0.395844,1
-2.024478,0.043231,1.479106,0
-1.368499,1.552937,0.070793,3
1.454792,0.106186,1.893241,2
-1.792444,-1.334391,0.298963,2
1.226791,0.46208,0.875142,0
0.71171,-1.38138,1.701858,1
0.252829,0.64128,0.145559,3
-2.044237,1.068129,0.625083,2
-1.919125,-0.288083,1.837561,3
0.352866,0.136988,-1.417415,3
1.175759,0.09403,-1.368557,3
0.716356,-0.320683,-0.16534,4
-0.070453,0.036265,1.871588,3
-1.158937,0.334518,-1.423457,3
-0.287395,0.031697,0.248377,1
0.15994,-0.331002,-0.417647,1
-0.205901,-0.752443,-0.671108,4
0.079563,0.241812,0.238499,4
1.014279,0.53277,0.188591,3
-0.424854,1.181493,-0.275054,2
0.069466,0.336389,-0.712508,2
1.031232,-0.012782,0.517551,0
1.481239,2.32788,1.490575,2
0.597628,0.831681,0.821542,2
-0.747088,-0.275719,0.387217,1
-0.283696,1.758686,1.639964,0
0.47395,-2.374736,-0.629544,0
-0.788122,-1.657543,1.074022,1
2.111938,1.120612,-0.252409,2
0.909718,1.248253,-0.898084,2
-1.584536,-1.351623,-0.495216,0
0.235551,0.020064,1.065477,2
0.782135,-0.479799,1.200887,0
1.150162,0.960459,2.48365,2
-0.34029,-0.538552,-0.107696,3
-0.408191,-1.411465,-0.418081,1
-1.520683,-1.247725,-0.019852,4
-1.131749,-1.552789,0.80702,3
0.578583,-0.425484,0.11546,2
-1.822278,-1.282073,-1.446759,4
1.182553,2.269303,0.771517,3
-1.317642,0.162525,-0.578254,1
-0.124414,-0.57111,-0.417254,4
0.95675,-0.323427,0.240157,4
-0.47351,-1.047649,-2.078227,1
-0.133392,0.33524,-0.565043,3
-1.121995,-0.591974,0.882998,4
0.193031,-0.450927,1.409451,1
1.463654,-0.59667,0.983512,3
-0.842334,-0.098246,-0.45049,2
-0.124448,0.234608,0.291039,0
0.129147,0.813516,0.391378,2
-1.066903,-0.884564,0.723894,2
-0.037402,-0.238697,1.737351,0
-1.177524,-0.123156,0.86154,2
-0.015778,1.089717,0.060112,2
-1.086957,-0.504017,-0.705607,1
-1.661018,1.430442,0.911691,1
-1.201206,2.631075,0.615615,3
-1.287006,1.866181,-0.595784,4
-2.553901,1.234063,1.181168,3
-0.798742,-0.664548,0.277813,1
-0.741871,-0.66077,-0.972365,1
1.239667,-0.376669,2.004723,0
-1.503313,0.489113,-0.037875,0
-0.389907,0.56107,1.053708,1
1.801609,0.231921,0.512365,2
-1.594842,0.658018,-1.090437,3
-1.315671,-1.564226,-0.363825,1
0.658949,1.805523,0.220151,1
0.808092,-0.795605,1.303205,0
0.122899,0.155236,-0.659636,3
-0.122043,-1.637119,-0.819624,3
1.752466,-1.535347,-1.324614,4
0.631872,0.965859,-0.633212,1
0.388826,-0.270673,0.102336,4
-1.612687,-0.932337,0.656458,0
1.336931,-1.698164,0.407256,4
-1.317632,1.121394,0.041474,2
-0.013486,-0.601374,-1.23416,1
-1.232803,0.03544,-0.064476,1